barcode,tool_type,description
1,SCC Radio,Motorola CP200
2,SCC Radio,Motorola CP200
3,SCC Radio,Motorola CP200
4,SCC Radio,Motorola CP200
5,SCC Radio,Motorola CP200
6,SCC Radio,Motorola CP200
7,SCC Radio,Motorola CP200
8,SCC Radio,Motorola CP200
9,SCC Radio,Motorola CP200
10,SCC Radio,Motorola CP200
11,SCC Radio,Motorola CP200
12,SCC Radio,Motorola CP200
13,SCC Radio,Motorola CP200
14,SCC Radio,Motorola CP200
15,SCC Radio,Motorola CP200
16,SCC Radio,Motorola CP200
17,SCC Radio,Motorola CP200
18,SCC Radio,Motorola CP200
19,SCC Radio,Motorola CP200
20,SCC Radio,Motorola CP200
22,SCC Radio,Motorola CP200
23,SCC Radio,Motorola CP200
24,SCC Radio,Motorola CP200
1650,Broom,Push Broom
3297,Broom,
2926,Magnet Broom,
2167,Dustpan,Silver
2161,Dustpan,Silver
1553,Dustpan,Silver
1554,Dustpan,Black
2931,Clamp,
2716,Light,"HDX, Orange"
3235,Clamp,
2594,Clamp,"Irwin, Large, Blue"
1639,Clamp,"Irwin, Large, Blue"
2081,Clamp,"Irwin, Large, Blue"
2591,Clamp,"Irwin, Large, Blue"
2593,Clamp,"Irwin, Large, Blue"
2391,Square,"Swanson, Orange"
3295,Light,
3294,Clamp,
2603,Light,"HDX, Orange"
2036,Drill,Dewalt 18v
2082,Clamp,
1625,Clamp,"Irwin, Small, Blue"
2598,Square Clamp,Wolfcraft
2595,Square Clamp,Wolfcraft
2033,Light,"Clip on, Metal shade"
2597,Square Clamp,Wolfcraft
2601,Light,"Bayco, Yellow"
2596,Square Clamp,Wolfcraft
2105,Clamp,Irwin
2604,Light,"HDX, Orange"
2101,Light,"Clip on, Metal shade"
2103,Light,"Clip on, Metal shade"
1557,Level,4' Yellow
1560,Level,4' Yellow
1556,Level,4' Yellow
2107,Level,4' Red
2032,Level,4' Red
2097,Level,4' Red
1559,Level,4' Yellow
2094,Level,4' Metal
1561,Level,4' Metal
3219,Level,
2155,Level,"2' Empire, Yellow"
3337,Level,4’ Yellow
3338,Light,"HDX, Light"
2098,Level,4' Yellow
3260,Level,yellow tall one
3339,Level,4’ Yellow
2786,Level,4' yellow
3340,Level,4’ Yellow
3341,Lamp,Grey
3342,Clamp,
3343,Clamp,
3344,Clamp,
2811,Saw horse,
2812,Saw horses,
2898,Shop Vac,Blue
1654,Shop Vac,Orange
2897,Shop Vac,Blue
2023,Drill Battery,Dewalt 18v
3345,Drill Battery,Dewalt 18v
1590,Drill Battery,Dewalt 14.4v
2407,Drill Battery,Dewalt 18v
1597,Drill Battery,Dewalt 18v
1604,Drill Battery,DeWalt 18v
2406,Drill Battery,Dewalt 18v
3290,Drill Battery,
2409,Drill Battery,Dewalt 18v
2028,Drill Battery,Dewalt 18v
2404,Drill Battery,
1979,Drill Battery,Dewalt 18v
1983,Drill Battery,Dewalt 18v
2037,Drill Battery,Dewalt 18v
1877,Drill Battery,Dewalt 18v
2024,Drill Battery,Dewalt 18v
2632,Drill Battery,Dewalt 18v
1912,Drill Battery,Dewalt 18v
2868,Drill Battery,
2636,Drill Battery,Dewalt 18v
1587,Drill Battery,Dewalt 18v
2852,Drill Battery,
2939,Drill Battery,
2341,Drill Battery,Dewalt 18v
2399,Drill Battery,Dewalt 18v
2637,Drill Battery,Dewalt 18v
2635,Drill Battery,Dewalt 18v
1916,Drill Battery,Dewalt 18v
2924,Drill Battery,
2035,Drill Battery,Dewalt 18v
1913,Drill Battery,DeWalt 18v
2542,Drill Battery,Dewalt 18v
1594,Drill Battery,DeWalt 18v
1981,Drill Battery,Dewalt 18v
2142,Drill Battery,Dewalt 18v
2019,Drill Battery,Dewalt 18v
1985,Drill Battery,Dewalt 18v
2400,Drill Battery,Dewalt 18v
1987,Drill Battery,Dewalt 18v
2403,Drill Battery,Dewalt 18v
2541,Drill Battery,Dewalt 18v
3348,Drill Battery,Dewalt 18v
3346,Drill Battery,Dewalt 18v
3347,Drill Battery,Dewalt 18v
3349,Drill Battery,Dewalt 18v
2088,Clamp,"Irwin, Small, Blue"
2084,Clamp,"Irwin, Small, Blue"
2085,Clamp,"Irwin, Small, Blue"
3350,Clamp,"Irwin, Small, Blue"
2080,Clamp,"Irwin, Large, Blue"
2351,Hammer,"Kobalt, Blue"
2814,Tape Measure,
2936,Tape Measure,
3281,Stud Finder,
3353,Stud Finder,
3351,Wire Stripper,
3352,Wire Stripper,
1884,Vice Grips,
1944,Phillips Screwdriver,"Task Force, Red & Black"
3289,Staple Gun,
2363,Staple Gun,"Stanely TR-45, Silver"
2934,Staple Gun,
3354,Screw Driver,
2790,Tape Measure,
2896,Shop vac,
3355,Power Strip,
3357,Power Strip,
3356,Power Strip,
3358,Power Strip,
3359,Power Strip,
3360,Power Strip,
3361,Power Strip,
3362,Power Strip,
3363,Power Strip,
3296,Magnet Broom,
2776,Magnet Broom,
2773,Magnet Broom,
2775,Magnet Broom,
2774,Magnet Broom,
2772,Magnet Broom,
1550,Miter Saw,DeWalt
3364,Miter Saw,DeWalt
1648,Staple Gun,
1651,Staple Gun,"Arrow T-50, Silver"
2622,Staple Gun,"Arrow T-50, Silver — BROKEN"
3268,Flathead Screwdriver,Husky brand - 1/4in x 4in slotted screwdriver - Red / Black handle
3365,Staple Gun,"Arrow T-50, Silver"
2565,Wire Strippers,"Klein, Yellow"
3238,Wire Strippers,
3366,Wire Strippers,
3288,Wire Strippers,
2626,Tape Measure,"25' Stanely, Silver"
2375,Tape Measure,12' Red
2927,Tape Measure,
3367,Tape Measure,
3368,Tape Measure,
3369,Tape Measure,
3370,Tape Measure,
3236,Stud Finder,
2179,Wind Meter,"SkyMate, Orange"
2764,Vice Grips,10'' Irwin
2721,Wrench,10'' Adjustable
2386,Ratchet,3/8'' Silver
2908,Level,Small
2384,Level,"Black & Decker, Orange"
2392,Square,"Swanson, Orange"
2092,Square,"Swanson, Silver"
2091,Square,"Swanson, Silver"
1752,Circular Saw,DeWalt
1647,Jigsaw,DeWalt
1616,Jigsaw,"Porter-Cable, Gray"
2935,Jigsaw,Yellow DeWalt jigsaw
2002,Square,"Swanson, Orange"
2003,Square,"Swanson, Orange"
2553,Broom,
3371,Broom,
3372,Broom,
3374,Broom,
3376,Broom,
3375,Dustpan,
2804,Broom,
2609,Clamp,"Irwin, Large, Blue"
2610,Clamp,"Irwin, Large, Blue"
3384,Screw driver,
2187,Tape Gun,
3386,Screw driver,
2195,Ladder,
1964,Pick,"Kobalt, Red"
3267,Screwdriver,Husky #1 x 4in Square Recess Screwdriver - Black / Clear handles
2146,Light,"Defiant, Red Headlamp"
1963,Pick,"Kobalt, Red"
3285,Screwdriver,3/16 flathead
3402,Screw driver,
1996,Flathead Screwdriver,"Kobalt, Mini, Red & Blue"
1970,Pick,"Kobalt, Red"
2327,Torx Screwdriver,Craftsman
3385,Screwdriver,
3269,Flathead Screwdriver,Husky brand - 1/4in x 4in slotted screwdriver - Red / Black handle
3249,Hex Screwdriver,
1965,Pick,"Kobalt, Red"
2338,Hex Wrench,5/16'' Bondhus
3278,Bit Holder,"3"""
3282,Drill Bit (large),3/8 inch
3253,Bit Holder,"4-3/4"""
2194,Stud Finder,
3377,Electrical Tester,
2617,Drill,Dewalt 18v
2618,Drill,Dewalt 18v
2882,Drill,DeWalt 20V MAX
2836,Drill,
2619,Drill,Dewalt 18v
2402,Drill,Dewalt 18v
1595,Drill,DeWalt 18v
2545,Drill,Dewalt 18v
2620,Drill,Dewalt 18v
2842,Drill,
1591,Drill,DeWalt 18v
1602,Drill,DeWalt 18v
2543,Drill,Dewalt 18v
2938,Drill,
2862,Drill,
2857,Drill,
2837,Drill,
2408,Drill,Dewalt 18v
2860,Drill,
2940,Impact Driver,
3389,Ladder,Short
3390,Ladder,Short
3391,Ladder,Short
3392,Ladder,Short
1452,Reel Tape Measure,300' Yellow
2856,Drill,broken
2883,Drill,Broken
2884,Drill,Broken
3388,Drill,Broken
3393,Ladder,
3394,Ladder,"Gorilla Ladder, extends to 18 feet"
3395,Ladder,"10’ orange, warner"
3396,Ladder,8’ Werner A-Frame
3397,Ladder,8’ Werner A-Frame
3398,Ladder,16’ extendible Louisville
2768,Hammer,Orange & Black
2928,Hammer,hammer
3399,Ladder,Folding 10’
2385,Tape Measure,"200' Lufkin, Orange"
1453,Reel Tape Measure,300' Black
1644,Circular Saw,Skilsaw
1584,Circular Saw,Milwakee
3259,Extension Cord,6 plug black
2900,Vice Grip,
3400,Ladder,Folding 10’
3401,Ladder,6’ Green
3403,Ladder,6’ Yellow
3404,Ladder,6’
3405,Ladder,6’ Orange
1652,Staple Gun,"Arrow T-50, Silver"
2724,Chalk Line,Blue
2630,Knife,"HDX, Orange"
1947,Flathead Screwdriver,"Task Force, Red & Black"
2901,Vice Grips,
2910,Level,Small
3283,Tape Measure,
3406,Screwdriver,
3407,SCC Hardhat,Blue
2631,Drill Battery,Dewalt 18v
2544,Drill,Dewalt 18v
3226,Drill Battery,
1657,Booth Chair Hardhat,Red
1658,Booth Chair Hardhat,Red
1659,Booth Chair Hardhat,Red
1660,Booth Chair Hardhat,Red
1661,Booth Chair Hardhat,Red
1662,Booth Chair Hardhat,Red
1663,Booth Chair Hardhat,Red
1664,Booth Chair Hardhat,Red
1665,Booth Chair Hardhat,Red
1666,Booth Chair Hardhat,Red
1667,Booth Chair Hardhat,Red
1688,Booth Chair Hardhat,Red
1689,Booth Chair Hardhat,Red
1690,Booth Chair Hardhat,Red
1691,Booth Chair Hardhat,Red
1692,Booth Chair Hardhat,Red
1693,Booth Chair Hardhat,Red
1694,Booth Chair Hardhat,Red
1695,Booth Chair Hardhat,Red
1696,Booth Chair Hardhat,Red
1697,Booth Chair Hardhat,Red
1698,Booth Chair Hardhat,Red
1699,Booth Chair Hardhat,Red
1700,Booth Chair Hardhat,Red
1701,Booth Chair Hardhat,Red
1702,Booth Chair Hardhat,Red
1703,Booth Chair Hardhat,Red
1704,Booth Chair Hardhat,Red
1705,Booth Chair Hardhat,Red
1706,Booth Chair Hardhat,Red
1707,Booth Chair Hardhat,Red
1708,Booth Chair Hardhat,Red
1709,Booth Chair Hardhat,Red
1710,Booth Chair Hardhat,Red
1711,Booth Chair Hardhat,Red
1712,Booth Chair Hardhat,Red
1713,Booth Chair Hardhat,Red
1714,Booth Chair Hardhat,Red
1715,Booth Chair Hardhat,Red
1716,Booth Chair Hardhat,Red
1717,Booth Chair Hardhat,Red
1718,Booth Chair Hardhat,Red
1719,Booth Chair Hardhat,Red
1720,Booth Chair Hardhat,Red
1721,Booth Chair Hardhat,Red
1722,Booth Chair Hardhat,Red
1723,Booth Chair Hardhat,Red
1724,Booth Chair Hardhat,Red
1725,Booth Chair Hardhat,Red
1726,Booth Chair Hardhat,Red
1727,Booth Chair Hardhat,Red
1728,Booth Chair Hardhat,Red
1729,Booth Chair Hardhat,Red
1730,Booth Chair Hardhat,Red
1731,Booth Chair Hardhat,Red
1733,Booth Chair Hardhat,Red
1734,Booth Chair Hardhat,Red
1735,Booth Chair Hardhat,Red
1736,Booth Chair Hardhat,Red
1737,Booth Chair Hardhat,Red
1738,Booth Chair Hardhat,Red
1739,Booth Chair Hardhat,Red
1740,Booth Chair Hardhat,Red
1741,Booth Chair Hardhat,Red
1742,Booth Chair Hardhat,Red
1743,Booth Chair Hardhat,Red
1744,Booth Chair Hardhat,Red
1745,Booth Chair Hardhat,Red
1747,Booth Chair Hardhat,Red
1748,Booth Chair Hardhat,Red
1749,Booth Chair Hardhat,Red
1750,Booth Chair Hardhat,Red
1751,Booth Chair Hardhat,Red
1862,Booth Chair Hardhat,Red
1863,Booth Chair Hardhat,Red
1864,Booth Chair Hardhat,Red
2073,Booth Chair Hardhat,Red
2203,Booth Chair Hardhat,Red
2204,Booth Chair Hardhat,Red
2205,Booth Chair Hardhat,Red
2206,Booth Chair Hardhat,Red
2207,Booth Chair Hardhat,Red
2208,Booth Chair Hardhat,Red
2209,Booth Chair Hardhat,Red
2210,Booth Chair Hardhat,Red
2211,Booth Chair Hardhat,Red
2212,Booth Chair Hardhat,Red
2213,Booth Chair Hardhat,Red
2214,Booth Chair Hardhat,Red
2215,Booth Chair Hardhat,Red
2216,Booth Chair Hardhat,Red
2217,Booth Chair Hardhat,Red
2218,Booth Chair Hardhat,Red
2219,Booth Chair Hardhat,Red
2220,Booth Chair Hardhat,Red
2221,Booth Chair Hardhat,Red
2647,Booth Chair Hardhat,Red
2648,Booth Chair Hardhat,Red
2649,Booth Chair Hardhat,Red
2650,Booth Chair Hardhat,Red
2651,Booth Chair Hardhat,Red
2652,Booth Chair Hardhat,Red
2653,Booth Chair Hardhat,Red
2654,Booth Chair Hardhat,Red
2655,Booth Chair Hardhat,Red
2657,Booth Chair Hardhat,Red
2658,Booth Chair Hardhat,Red
2830,Booth Chair Hardhat,
2943,Booth Chair Hardhat,
2944,Booth Chair Hardhat,
2945,Booth Chair Hardhat,
2946,Booth Chair Hardhat,
2947,Booth Chair Hardhat,
2948,Booth Chair Hardhat,
2949,Booth Chair Hardhat,
2950,Booth Chair Hardhat,
2951,Booth Chair Hardhat,
2952,Booth Chair Hardhat,
2953,Booth Chair Hardhat,
2954,Booth Chair Hardhat,
2955,Booth Chair Hardhat,
2956,Booth Chair Hardhat,
2957,Booth Chair Hardhat,
2958,Booth Chair Hardhat,
2959,Booth Chair Hardhat,
2960,Booth Chair Hardhat,
2961,Booth Chair Hardhat,
2962,Booth Chair Hardhat,
2963,Booth Chair Hardhat,
2964,Booth Chair Hardhat,
2965,Booth Chair Hardhat,
2966,Booth Chair Hardhat,
2967,Booth Chair Hardhat,
2968,Booth Chair Hardhat,
2969,Booth Chair Hardhat,
2970,Booth Chair Hardhat,
2973,Booth Chair Hardhat,
2974,Booth Chair Hardhat,
2975,Booth Chair Hardhat,
2976,Booth Chair Hardhat,
2977,Booth Chair Hardhat,
2978,Booth Chair Hardhat,
2979,Booth Chair Hardhat,
2980,Booth Chair Hardhat,
2981,Booth Chair Hardhat,
2982,Booth Chair Hardhat,
2983,Booth Chair Hardhat,
2984,Booth Chair Hardhat,
2985,Booth Chair Hardhat,
2987,Booth Chair Hardhat,
2989,Booth Chair Hardhat,
2990,Booth Chair Hardhat,
2991,Booth Chair Hardhat,
3258,Booth Chair Hardhat,
3276,Booth Chair Hardhat,
1470,EHS Hardhat,Neon Yellow
1471,EHS Hardhat,Neon Yellow
1526,EHS Hardhat,Neon Yellow
1527,EHS Hardhat,Neon Yellow
1528,EHS Hardhat,Neon Yellow
1568,EHS Hardhat,Neon Yellow
1569,EHS Hardhat,Neon Yellow
1570,EHS Hardhat,Neon Yellow
1571,EHS Hardhat,Neon Yellow
1572,EHS Hardhat,Neon Yellow
1573,EHS Hardhat,Neon Yellow
1574,EHS Hardhat,Neon Yellow
1575,EHS Hardhat,Neon Yellow
1576,EHS Hardhat,Neon Yellow
1577,EHS Hardhat,Neon Yellow
1578,EHS Hardhat,Neon Yellow
1579,EHS Hardhat,Neon Yellow
1580,EHS Hardhat,Neon Yellow
1581,EHS Hardhat,Neon Yellow
1582,EHS Hardhat,Neon Yellow
1583,EHS Hardhat,Neon Yellow
25,Org Hardhat,White
26,Org Hardhat,White
27,Org Hardhat,White
28,Org Hardhat,White
29,Org Hardhat,White
30,Org Hardhat,White
31,Org Hardhat,White
32,Org Hardhat,White
33,Org Hardhat,White
34,Org Hardhat,White
35,Org Hardhat,White
36,Org Hardhat,White
37,Org Hardhat,White
38,Org Hardhat,White
39,Org Hardhat,White
40,Org Hardhat,White
41,Org Hardhat,White
43,Org Hardhat,White
44,Org Hardhat,White
45,Org Hardhat,White
46,Org Hardhat,White
47,Org Hardhat,White
48,Org Hardhat,White
49,Org Hardhat,White
50,Org Hardhat,White
51,Org Hardhat,White
52,Org Hardhat,White
53,Org Hardhat,White
54,Org Hardhat,White
55,Org Hardhat,White
56,Org Hardhat,White
57,Org Hardhat,White
58,Org Hardhat,White
59,Org Hardhat,White
60,Org Hardhat,White
61,Org Hardhat,White
62,Org Hardhat,White
63,Org Hardhat,White
64,Org Hardhat,White
65,Org Hardhat,White
66,Org Hardhat,White
67,Org Hardhat,White
68,Org Hardhat,White
69,Org Hardhat,White
70,Org Hardhat,White
71,Org Hardhat,White
72,Org Hardhat,White
73,Org Hardhat,White
74,Org Hardhat,White
75,Org Hardhat,White
76,Org Hardhat,White
77,Org Hardhat,White
78,Org Hardhat,White
79,Org Hardhat,White
80,Org Hardhat,White
81,Org Hardhat,White
82,Org Hardhat,White
83,Org Hardhat,White
84,Org Hardhat,White
85,Org Hardhat,White
86,Org Hardhat,White
87,Org Hardhat,White
88,Org Hardhat,White
89,Org Hardhat,White
90,Org Hardhat,White
91,Org Hardhat,White
92,Org Hardhat,White
93,Org Hardhat,White
94,Org Hardhat,White
95,Org Hardhat,White
96,Org Hardhat,White
97,Org Hardhat,White
98,Org Hardhat,White
99,Org Hardhat,White
100,Org Hardhat,White
109,Org Hardhat,White
110,Org Hardhat,White
111,Org Hardhat,White
112,Org Hardhat,White
113,Org Hardhat,White
114,Org Hardhat,White
115,Org Hardhat,White
116,Org Hardhat,White
117,Org Hardhat,White
118,Org Hardhat,White
119,Org Hardhat,White
120,Org Hardhat,White
121,Org Hardhat,White
122,Org Hardhat,White
123,Org Hardhat,White
124,Org Hardhat,White
125,Org Hardhat,White
126,Org Hardhat,White
127,Org Hardhat,White
128,Org Hardhat,White
129,Org Hardhat,White
130,Org Hardhat,White
131,Org Hardhat,White
132,Org Hardhat,White
133,Org Hardhat,White
134,Org Hardhat,White
135,Org Hardhat,White
136,Org Hardhat,White
137,Org Hardhat,White
138,Org Hardhat,White
139,Org Hardhat,White
140,Org Hardhat,White
141,Org Hardhat,White
142,Org Hardhat,White
143,Org Hardhat,White
144,Org Hardhat,White
145,Org Hardhat,White
146,Org Hardhat,White
147,Org Hardhat,White
148,Org Hardhat,White
149,Org Hardhat,White
150,Org Hardhat,White
151,Org Hardhat,White
152,Org Hardhat,White
153,Org Hardhat,White
154,Org Hardhat,White
155,Org Hardhat,White
156,Org Hardhat,White
157,Org Hardhat,White
158,Org Hardhat,White
159,Org Hardhat,White
160,Org Hardhat,White
161,Org Hardhat,White
162,Org Hardhat,White
163,Org Hardhat,White
164,Org Hardhat,White
165,Org Hardhat,White
166,Org Hardhat,White
167,Org Hardhat,White
168,Org Hardhat,White
169,Org Hardhat,White
170,Org Hardhat,White
171,Org Hardhat,White
172,Org Hardhat,White
173,Org Hardhat,White
174,Org Hardhat,White
175,Org Hardhat,White
176,Org Hardhat,White
177,Org Hardhat,White
178,Org Hardhat,White
179,Org Hardhat,White
180,Org Hardhat,White
181,Org Hardhat,White
182,Org Hardhat,White
183,Org Hardhat,White
184,Org Hardhat,White
185,Org Hardhat,White
186,Org Hardhat,White
187,Org Hardhat,White
188,Org Hardhat,White
189,Org Hardhat,White
190,Org Hardhat,White
191,Org Hardhat,White
192,Org Hardhat,White
193,Org Hardhat,White
194,Org Hardhat,White
195,Org Hardhat,White
196,Org Hardhat,White
197,Org Hardhat,White
198,Org Hardhat,White
199,Org Hardhat,White
200,Org Hardhat,White
201,Org Hardhat,White
202,Org Hardhat,White
203,Org Hardhat,White
204,Org Hardhat,White
205,Org Hardhat,White
206,Org Hardhat,White
207,Org Hardhat,White
208,Org Hardhat,White
209,Org Hardhat,White
210,Org Hardhat,White
211,Org Hardhat,White
212,Org Hardhat,White
213,Org Hardhat,White
214,Org Hardhat,White
215,Org Hardhat,White
216,Org Hardhat,White
217,Org Hardhat,White
218,Org Hardhat,White
219,Org Hardhat,White
220,Org Hardhat,White
221,Org Hardhat,White
222,Org Hardhat,White
223,Org Hardhat,White
224,Org Hardhat,White
225,Org Hardhat,White
226,Org Hardhat,White
227,Org Hardhat,White
228,Org Hardhat,White
229,Org Hardhat,White
230,Org Hardhat,White
231,Org Hardhat,White
232,Org Hardhat,White
233,Org Hardhat,White
234,Org Hardhat,White
235,Org Hardhat,White
236,Org Hardhat,White
237,Org Hardhat,White
238,Org Hardhat,White
239,Org Hardhat,White
240,Org Hardhat,White
241,Org Hardhat,White
242,Org Hardhat,White
243,Org Hardhat,White
244,Org Hardhat,White
245,Org Hardhat,White
246,Org Hardhat,White
247,Org Hardhat,White
248,Org Hardhat,White
249,Org Hardhat,White
250,Org Hardhat,White
251,Org Hardhat,White
252,Org Hardhat,White
253,Org Hardhat,White
254,Org Hardhat,White
255,Org Hardhat,White
256,Org Hardhat,White
257,Org Hardhat,White
258,Org Hardhat,White
259,Org Hardhat,White
260,Org Hardhat,White
261,Org Hardhat,White
262,Org Hardhat,White
263,Org Hardhat,White
264,Org Hardhat,White
265,Org Hardhat,White
266,Org Hardhat,White
267,Org Hardhat,White
268,Org Hardhat,White
269,Org Hardhat,White
270,Org Hardhat,White
271,Org Hardhat,White
272,Org Hardhat,White
273,Org Hardhat,White
274,Org Hardhat,White
275,Org Hardhat,White
276,Org Hardhat,White
277,Org Hardhat,White
278,Org Hardhat,White
279,Org Hardhat,White
280,Org Hardhat,White
281,Org Hardhat,White
282,Org Hardhat,White
283,Org Hardhat,White
284,Org Hardhat,White
285,Org Hardhat,White
286,Org Hardhat,White
287,Org Hardhat,White
288,Org Hardhat,White
289,Org Hardhat,White
290,Org Hardhat,White
291,Org Hardhat,White
292,Org Hardhat,White
293,Org Hardhat,White
294,Org Hardhat,White
295,Org Hardhat,White
296,Org Hardhat,White
297,Org Hardhat,White
298,Org Hardhat,White
299,Org Hardhat,White
300,Org Hardhat,White
301,Org Hardhat,White
302,Org Hardhat,White
303,Org Hardhat,White
304,Org Hardhat,White
305,Org Hardhat,White
306,Org Hardhat,White
307,Org Hardhat,White
308,Org Hardhat,White
309,Org Hardhat,White
310,Org Hardhat,White
311,Org Hardhat,White
312,Org Hardhat,White
313,Org Hardhat,White
314,Org Hardhat,White
315,Org Hardhat,White
316,Org Hardhat,White
317,Org Hardhat,White
318,Org Hardhat,White
319,Org Hardhat,White
320,Org Hardhat,White
321,Org Hardhat,White
322,Org Hardhat,White
323,Org Hardhat,White
324,Org Hardhat,White
325,Org Hardhat,White
326,Org Hardhat,White
327,Org Hardhat,White
328,Org Hardhat,White
329,Org Hardhat,White
330,Org Hardhat,White
331,Org Hardhat,White
332,Org Hardhat,White
333,Org Hardhat,White
334,Org Hardhat,White
335,Org Hardhat,White
336,Org Hardhat,White
337,Org Hardhat,White
338,Org Hardhat,White
339,Org Hardhat,White
340,Org Hardhat,White
341,Org Hardhat,White
342,Org Hardhat,White
343,Org Hardhat,White
344,Org Hardhat,White
345,Org Hardhat,White
346,Org Hardhat,White
347,Org Hardhat,White
348,Org Hardhat,White
349,Org Hardhat,White
350,Org Hardhat,White
351,Org Hardhat,White
352,Org Hardhat,White
353,Org Hardhat,White
354,Org Hardhat,White
355,Org Hardhat,White
356,Org Hardhat,White
357,Org Hardhat,White
358,Org Hardhat,White
359,Org Hardhat,White
360,Org Hardhat,White
361,Org Hardhat,White
362,Org Hardhat,White
363,Org Hardhat,White
364,Org Hardhat,White
365,Org Hardhat,White
366,Org Hardhat,White
367,Org Hardhat,White
368,Org Hardhat,White
369,Org Hardhat,White
370,Org Hardhat,White
371,Org Hardhat,White
372,Org Hardhat,White
373,Org Hardhat,White
374,Org Hardhat,White
375,Org Hardhat,White
376,Org Hardhat,White
377,Org Hardhat,White
378,Org Hardhat,White
379,Org Hardhat,White
380,Org Hardhat,White
381,Org Hardhat,White
382,Org Hardhat,White
383,Org Hardhat,White
384,Org Hardhat,White
385,Org Hardhat,White
386,Org Hardhat,White
387,Org Hardhat,White
388,Org Hardhat,White
389,Org Hardhat,White
390,Org Hardhat,White
391,Org Hardhat,White
392,Org Hardhat,White
393,Org Hardhat,White
394,Org Hardhat,White
395,Org Hardhat,White
396,Org Hardhat,White
397,Org Hardhat,White
398,Org Hardhat,White
399,Org Hardhat,White
400,Org Hardhat,White
401,Org Hardhat,White
402,Org Hardhat,White
403,Org Hardhat,White
404,Org Hardhat,White
405,Org Hardhat,White
406,Org Hardhat,White
407,Org Hardhat,White
408,Org Hardhat,White
409,Org Hardhat,White
410,Org Hardhat,No chasis
411,Org Hardhat,White
412,Org Hardhat,White
413,Org Hardhat,White
414,Org Hardhat,White
415,Org Hardhat,White
416,Org Hardhat,White
417,Org Hardhat,White
418,Org Hardhat,White
419,Org Hardhat,White
420,Org Hardhat,White
421,Org Hardhat,White
422,Org Hardhat,White
423,Org Hardhat,White
424,Org Hardhat,White
425,Org Hardhat,White
426,Org Hardhat,White
427,Org Hardhat,White
428,Org Hardhat,White
429,Org Hardhat,White
430,Org Hardhat,White
431,Org Hardhat,White
432,Org Hardhat,White
433,Org Hardhat,White
434,Org Hardhat,White
435,Org Hardhat,White
436,Org Hardhat,White
437,Org Hardhat,White
438,Org Hardhat,White
439,Org Hardhat,White
440,Org Hardhat,White
441,Org Hardhat,White
442,Org Hardhat,White
443,Org Hardhat,White
444,Org Hardhat,White
445,Org Hardhat,White
446,Org Hardhat,White
447,Org Hardhat,White
448,Org Hardhat,White
449,Org Hardhat,White
450,Org Hardhat,White
451,Org Hardhat,White
452,Org Hardhat,White
453,Org Hardhat,White
454,Org Hardhat,White
455,Org Hardhat,White
456,Org Hardhat,White
457,Org Hardhat,White
458,Org Hardhat,White
459,Org Hardhat,White
460,Org Hardhat,White
461,Org Hardhat,White
462,Org Hardhat,White
463,Org Hardhat,White
464,Org Hardhat,White
465,Org Hardhat,White
466,Org Hardhat,White
467,Org Hardhat,White
468,Org Hardhat,White
469,Org Hardhat,White
470,Org Hardhat,White
471,Org Hardhat,White
472,Org Hardhat,White
473,Org Hardhat,White
474,Org Hardhat,White
475,Org Hardhat,White
476,Org Hardhat,White
477,Org Hardhat,White
478,Org Hardhat,White
479,Org Hardhat,White
480,Org Hardhat,White
481,Org Hardhat,White
482,Org Hardhat,White
483,Org Hardhat,White
484,Org Hardhat,White
485,Org Hardhat,White
486,Org Hardhat,White
487,Org Hardhat,White
488,Org Hardhat,White
489,Org Hardhat,White
490,Org Hardhat,White
491,Org Hardhat,White
492,Org Hardhat,White
493,Org Hardhat,White
494,Org Hardhat,White
495,Org Hardhat,White
496,Org Hardhat,White
497,Org Hardhat,White
498,Org Hardhat,White
499,Org Hardhat,White
500,Org Hardhat,White
501,Org Hardhat,White
502,Org Hardhat,White
503,Org Hardhat,White
504,Org Hardhat,White
505,Org Hardhat,White
506,Org Hardhat,White
507,Org Hardhat,White
508,Org Hardhat,White
509,Org Hardhat,White
510,Org Hardhat,White
511,Org Hardhat,White
512,Org Hardhat,White
513,Org Hardhat,White
514,Org Hardhat,White
515,Org Hardhat,White
516,Org Hardhat,White
517,Org Hardhat,White
518,Org Hardhat,White
519,Org Hardhat,White
520,Org Hardhat,White
521,Org Hardhat,White
522,Org Hardhat,White
523,Org Hardhat,White
524,Org Hardhat,White
525,Org Hardhat,White
526,Org Hardhat,White
527,Org Hardhat,White
528,Org Hardhat,White
529,Org Hardhat,White
530,Org Hardhat,White
531,Org Hardhat,White
532,Org Hardhat,White
533,Org Hardhat,White
534,Org Hardhat,White
535,Org Hardhat,White
536,Org Hardhat,White
537,Org Hardhat,White
538,Org Hardhat,White
539,Org Hardhat,White
540,Org Hardhat,White
541,Org Hardhat,White
542,Org Hardhat,White
543,Org Hardhat,White
544,Org Hardhat,White
545,Org Hardhat,White
546,Org Hardhat,White
547,Org Hardhat,White
548,Org Hardhat,White
549,Org Hardhat,White
550,Org Hardhat,White
551,Org Hardhat,White
552,Org Hardhat,White
553,Org Hardhat,White
554,Org Hardhat,White
555,Org Hardhat,White
556,Org Hardhat,White
557,Org Hardhat,White
558,Org Hardhat,White
559,Org Hardhat,White
560,Org Hardhat,White
561,Org Hardhat,White
562,Org Hardhat,White
563,Org Hardhat,White
564,Org Hardhat,White
565,Org Hardhat,White
566,Org Hardhat,White
567,Org Hardhat,White
568,Org Hardhat,White
569,Org Hardhat,White
570,Org Hardhat,White
571,Org Hardhat,White
572,Org Hardhat,White
573,Org Hardhat,White
574,Org Hardhat,White
575,Org Hardhat,White
576,Org Hardhat,White
577,Org Hardhat,White
578,Org Hardhat,White
579,Org Hardhat,White
580,Org Hardhat,White
581,Org Hardhat,White
582,Org Hardhat,White
583,Org Hardhat,White
584,Org Hardhat,White
585,Org Hardhat,White
586,Org Hardhat,White
587,Org Hardhat,White
588,Org Hardhat,White
589,Org Hardhat,White
590,Org Hardhat,White
591,Org Hardhat,White
592,Org Hardhat,White
593,Org Hardhat,White
594,Org Hardhat,White
595,Org Hardhat,White
596,Org Hardhat,White
597,Org Hardhat,White
598,Org Hardhat,White
599,Org Hardhat,White
600,Org Hardhat,White
601,Org Hardhat,White
602,Org Hardhat,White
603,Org Hardhat,White
604,Org Hardhat,White
605,Org Hardhat,White
606,Org Hardhat,White
607,Org Hardhat,White
608,Org Hardhat,White
609,Org Hardhat,White
610,Org Hardhat,White
611,Org Hardhat,White
612,Org Hardhat,White
613,Org Hardhat,White
614,Org Hardhat,White
615,Org Hardhat,White
616,Org Hardhat,White
617,Org Hardhat,White
618,Org Hardhat,White
619,Org Hardhat,White
620,Org Hardhat,White
621,Org Hardhat,White
622,Org Hardhat,White
623,Org Hardhat,White
624,Org Hardhat,White
625,Org Hardhat,White
626,Org Hardhat,White
627,Org Hardhat,White
628,Org Hardhat,White
629,Org Hardhat,White
630,Org Hardhat,White
631,Org Hardhat,White
632,Org Hardhat,White
633,Org Hardhat,White
634,Org Hardhat,White
635,Org Hardhat,White
636,Org Hardhat,White
637,Org Hardhat,White
638,Org Hardhat,White
639,Org Hardhat,White
640,Org Hardhat,White
641,Org Hardhat,White
642,Org Hardhat,White
643,Org Hardhat,White
644,Org Hardhat,White
645,Org Hardhat,White
646,Org Hardhat,White
647,Org Hardhat,White
648,Org Hardhat,White
649,Org Hardhat,White
650,Org Hardhat,White
651,Org Hardhat,White
652,Org Hardhat,White
653,Org Hardhat,White
654,Org Hardhat,White
655,Org Hardhat,White
656,Org Hardhat,White
657,Org Hardhat,White
658,Org Hardhat,White
659,Org Hardhat,White
660,Org Hardhat,White
661,Org Hardhat,White
662,Org Hardhat,White
663,Org Hardhat,White
664,Org Hardhat,White
665,Org Hardhat,White
666,Org Hardhat,White
667,Org Hardhat,White
668,Org Hardhat,White
669,Org Hardhat,White
670,Org Hardhat,White
671,Org Hardhat,White
672,Org Hardhat,White
673,Org Hardhat,White
674,Org Hardhat,White
675,Org Hardhat,White
676,Org Hardhat,White
677,Org Hardhat,White
678,Org Hardhat,White
679,Org Hardhat,White
680,Org Hardhat,White
681,Org Hardhat,White
682,Org Hardhat,White
683,Org Hardhat,White
684,Org Hardhat,White
685,Org Hardhat,White
686,Org Hardhat,White
687,Org Hardhat,White
688,Org Hardhat,White
689,Org Hardhat,White
690,Org Hardhat,White
691,Org Hardhat,White
692,Org Hardhat,White
693,Org Hardhat,White
694,Org Hardhat,White
695,Org Hardhat,White
696,Org Hardhat,White
697,Org Hardhat,White
698,Org Hardhat,White
699,Org Hardhat,White
700,Org Hardhat,White
701,Org Hardhat,White
702,Org Hardhat,White
703,Org Hardhat,White
704,Org Hardhat,White
705,Org Hardhat,White
706,Org Hardhat,White
707,Org Hardhat,White
708,Org Hardhat,White
709,Org Hardhat,White
710,Org Hardhat,White
711,Org Hardhat,White
712,Org Hardhat,White
713,Org Hardhat,White
714,Org Hardhat,White
715,Org Hardhat,White
716,Org Hardhat,White
717,Org Hardhat,White
718,Org Hardhat,White
719,Org Hardhat,White
720,Org Hardhat,White
721,Org Hardhat,White
722,Org Hardhat,White
723,Org Hardhat,White
724,Org Hardhat,White
725,Org Hardhat,White
726,Org Hardhat,White
727,Org Hardhat,White
728,Org Hardhat,White
729,Org Hardhat,White
730,Org Hardhat,White
731,Org Hardhat,White
732,Org Hardhat,White
733,Org Hardhat,White
734,Org Hardhat,White
735,Org Hardhat,White
736,Org Hardhat,White
737,Org Hardhat,White
738,Org Hardhat,White
739,Org Hardhat,White
740,Org Hardhat,White
741,Org Hardhat,White
742,Org Hardhat,White
743,Org Hardhat,White
744,Org Hardhat,White
745,Org Hardhat,White
746,Org Hardhat,White
747,Org Hardhat,White
748,Org Hardhat,White
749,Org Hardhat,White
750,Org Hardhat,White
751,Org Hardhat,White
752,Org Hardhat,White
753,Org Hardhat,White
754,Org Hardhat,White
755,Org Hardhat,White
756,Org Hardhat,White
757,Org Hardhat,White
758,Org Hardhat,White
759,Org Hardhat,White
760,Org Hardhat,White
761,Org Hardhat,White
762,Org Hardhat,White
763,Org Hardhat,White
764,Org Hardhat,White
765,Org Hardhat,White
766,Org Hardhat,White
767,Org Hardhat,White
768,Org Hardhat,White
769,Org Hardhat,White
770,Org Hardhat,White
771,Org Hardhat,White
772,Org Hardhat,White
773,Org Hardhat,White
774,Org Hardhat,White
775,Org Hardhat,White
776,Org Hardhat,White
777,Org Hardhat,White
778,Org Hardhat,White
779,Org Hardhat,White
780,Org Hardhat,White
781,Org Hardhat,White
782,Org Hardhat,White
783,Org Hardhat,White
784,Org Hardhat,White
785,Org Hardhat,White
786,Org Hardhat,White
787,Org Hardhat,White
788,Org Hardhat,White
789,Org Hardhat,White
790,Org Hardhat,White
791,Org Hardhat,White
792,Org Hardhat,White
793,Org Hardhat,White
794,Org Hardhat,White
795,Org Hardhat,White
796,Org Hardhat,White
797,Org Hardhat,White
798,Org Hardhat,White
799,Org Hardhat,White
800,Org Hardhat,White
801,Org Hardhat,White
802,Org Hardhat,White
803,Org Hardhat,White
804,Org Hardhat,White
805,Org Hardhat,White
806,Org Hardhat,White
807,Org Hardhat,White
808,Org Hardhat,White
809,Org Hardhat,White
810,Org Hardhat,White
811,Org Hardhat,White
812,Org Hardhat,White
813,Org Hardhat,White
814,Org Hardhat,White
815,Org Hardhat,White
816,Org Hardhat,White
817,Org Hardhat,White
818,Org Hardhat,White
819,Org Hardhat,White
820,Org Hardhat,White
821,Org Hardhat,White
822,Org Hardhat,White
823,Org Hardhat,White
824,Org Hardhat,White
825,Org Hardhat,White
826,Org Hardhat,White
827,Org Hardhat,White
828,Org Hardhat,White
829,Org Hardhat,White
830,Org Hardhat,White
831,Org Hardhat,White
832,Org Hardhat,White
833,Org Hardhat,White
834,Org Hardhat,White
835,Org Hardhat,White
836,Org Hardhat,White
837,Org Hardhat,White
838,Org Hardhat,White
839,Org Hardhat,White
840,Org Hardhat,White
841,Org Hardhat,White
842,Org Hardhat,White
843,Org Hardhat,White
844,Org Hardhat,White
845,Org Hardhat,White
846,Org Hardhat,White
847,Org Hardhat,White
848,Org Hardhat,White
849,Org Hardhat,White
850,Org Hardhat,White
851,Org Hardhat,White
852,Org Hardhat,White
853,Org Hardhat,White
854,Org Hardhat,White
855,Org Hardhat,White
856,Org Hardhat,White
857,Org Hardhat,White
858,Org Hardhat,White
859,Org Hardhat,White
860,Org Hardhat,White
861,Org Hardhat,White
862,Org Hardhat,White
863,Org Hardhat,White
864,Org Hardhat,White
865,Org Hardhat,White
866,Org Hardhat,White
867,Org Hardhat,White
868,Org Hardhat,White
869,Org Hardhat,White
870,Org Hardhat,White
871,Org Hardhat,White
872,Org Hardhat,White
873,Org Hardhat,White
874,Org Hardhat,White
875,Org Hardhat,White
876,Org Hardhat,White
877,Org Hardhat,White
878,Org Hardhat,White
879,Org Hardhat,White
880,Org Hardhat,White
881,Org Hardhat,White
882,Org Hardhat,White
883,Org Hardhat,White
884,Org Hardhat,White
885,Org Hardhat,White
886,Org Hardhat,White
887,Org Hardhat,White
888,Org Hardhat,White
889,Org Hardhat,White
890,Org Hardhat,White
891,Org Hardhat,White
892,Org Hardhat,White
893,Org Hardhat,White
894,Org Hardhat,White
895,Org Hardhat,White
896,Org Hardhat,White
897,Org Hardhat,White
898,Org Hardhat,White
899,Org Hardhat,White
900,Org Hardhat,White
901,Org Hardhat,White
902,Org Hardhat,White
903,Org Hardhat,White
904,Org Hardhat,White
905,Org Hardhat,White
906,Org Hardhat,White
907,Org Hardhat,White
908,Org Hardhat,White
909,Org Hardhat,White
910,Org Hardhat,White
911,Org Hardhat,White
912,Org Hardhat,White
913,Org Hardhat,White
914,Org Hardhat,White
915,Org Hardhat,White
916,Org Hardhat,White
917,Org Hardhat,White
918,Org Hardhat,White
919,Org Hardhat,White
920,Org Hardhat,White
921,Org Hardhat,White
922,Org Hardhat,White
923,Org Hardhat,White
924,Org Hardhat,White
925,Org Hardhat,White
926,Org Hardhat,White
927,Org Hardhat,White
928,Org Hardhat,White
929,Org Hardhat,White
930,Org Hardhat,White
931,Org Hardhat,White
932,Org Hardhat,White
933,Org Hardhat,White
934,Org Hardhat,White
935,Org Hardhat,White
936,Org Hardhat,White
937,Org Hardhat,White
938,Org Hardhat,White
939,Org Hardhat,White
940,Org Hardhat,White
941,Org Hardhat,White
942,Org Hardhat,White
943,Org Hardhat,White
944,Org Hardhat,White
945,Org Hardhat,White
946,Org Hardhat,White
947,Org Hardhat,White
948,Org Hardhat,White
949,Org Hardhat,White
950,Org Hardhat,White
951,Org Hardhat,White
952,Org Hardhat,White
953,Org Hardhat,White
954,Org Hardhat,White
955,Org Hardhat,White
956,Org Hardhat,White
957,Org Hardhat,White
958,Org Hardhat,White
959,Org Hardhat,White
960,Org Hardhat,White
961,Org Hardhat,White
962,Org Hardhat,White
963,Org Hardhat,White
964,Org Hardhat,White
965,Org Hardhat,White
966,Org Hardhat,White
967,Org Hardhat,White
968,Org Hardhat,White
969,Org Hardhat,White
970,Org Hardhat,White
971,Org Hardhat,White
972,Org Hardhat,White
973,Org Hardhat,White
974,Org Hardhat,White
975,Org Hardhat,White
976,Org Hardhat,White
977,Org Hardhat,White
978,Org Hardhat,White
979,Org Hardhat,White
980,Org Hardhat,White
981,Org Hardhat,White
982,Org Hardhat,White
983,Org Hardhat,White
984,Org Hardhat,White
985,Org Hardhat,White
986,Org Hardhat,White
987,Org Hardhat,White
988,Org Hardhat,White
989,Org Hardhat,White
990,Org Hardhat,White
991,Org Hardhat,White
992,Org Hardhat,White
993,Org Hardhat,White
994,Org Hardhat,White
995,Org Hardhat,White
996,Org Hardhat,White
997,Org Hardhat,White
998,Org Hardhat,White
999,Org Hardhat,White
1000,Org Hardhat,White
1001,Org Hardhat,White
1002,Org Hardhat,White
1003,Org Hardhat,White
1004,Org Hardhat,White
1005,Org Hardhat,White
1006,Org Hardhat,White
1007,Org Hardhat,White
1008,Org Hardhat,White
1009,Org Hardhat,White
1010,Org Hardhat,White
1011,Org Hardhat,White
1012,Org Hardhat,White
1013,Org Hardhat,White
1014,Org Hardhat,White
1015,Org Hardhat,White
1016,Org Hardhat,White
1017,Org Hardhat,White
1018,Org Hardhat,White
1019,Org Hardhat,White
1020,Org Hardhat,White
1021,Org Hardhat,White
1022,Org Hardhat,White
1023,Org Hardhat,White
1024,Org Hardhat,White
1025,Org Hardhat,White
1026,Org Hardhat,White
1027,Org Hardhat,White
1028,Org Hardhat,White
1029,Org Hardhat,White
1030,Org Hardhat,White
1031,Org Hardhat,White
1032,Org Hardhat,White
1033,Org Hardhat,White
1034,Org Hardhat,White
1035,Org Hardhat,White
1036,Org Hardhat,White
1037,Org Hardhat,White
1038,Org Hardhat,White
1039,Org Hardhat,White
1040,Org Hardhat,White
1041,Org Hardhat,White
1042,Org Hardhat,White
1043,Org Hardhat,White
1044,Org Hardhat,White
1045,Org Hardhat,White
1046,Org Hardhat,White
1047,Org Hardhat,White
1048,Org Hardhat,White
1049,Org Hardhat,White
1050,Org Hardhat,White
1051,Org Hardhat,White
1052,Org Hardhat,White
1053,Org Hardhat,White
1054,Org Hardhat,White
1055,Org Hardhat,White
1056,Org Hardhat,White
1057,Org Hardhat,White
1058,Org Hardhat,White
1059,Org Hardhat,White
1060,Org Hardhat,White
1061,Org Hardhat,White
1062,Org Hardhat,White
1063,Org Hardhat,White
1064,Org Hardhat,White
1065,Org Hardhat,White
1066,Org Hardhat,White
1067,Org Hardhat,White
1068,Org Hardhat,White
1069,Org Hardhat,White
1070,Org Hardhat,White
1071,Org Hardhat,White
1072,Org Hardhat,White
1073,Org Hardhat,White
1074,Org Hardhat,White
1075,Org Hardhat,White
1076,Org Hardhat,White
1077,Org Hardhat,White
1078,Org Hardhat,White
1079,Org Hardhat,White
1080,Org Hardhat,White
1081,Org Hardhat,White
1082,Org Hardhat,White
1083,Org Hardhat,White
1084,Org Hardhat,White
1085,Org Hardhat,White
1086,Org Hardhat,White
1087,Org Hardhat,White
1088,Org Hardhat,White
1089,Org Hardhat,White
1090,Org Hardhat,White
1091,Org Hardhat,White
1092,Org Hardhat,White
1093,Org Hardhat,White
1094,Org Hardhat,White
1095,Org Hardhat,White
1096,Org Hardhat,White
1097,Org Hardhat,White
1098,Org Hardhat,White
1099,Org Hardhat,White
1100,Org Hardhat,White
1101,Org Hardhat,White
1102,Org Hardhat,White
1103,Org Hardhat,White
1104,Org Hardhat,White
1105,Org Hardhat,White
1106,Org Hardhat,White
1107,Org Hardhat,White
1108,Org Hardhat,White
1109,Org Hardhat,White
1110,Org Hardhat,White
1111,Org Hardhat,White
1112,Org Hardhat,White
1113,Org Hardhat,White
1114,Org Hardhat,White
1115,Org Hardhat,White
1116,Org Hardhat,White
1117,Org Hardhat,White
1118,Org Hardhat,White
1119,Org Hardhat,White
1120,Org Hardhat,White
1121,Org Hardhat,White
1122,Org Hardhat,White
1123,Org Hardhat,White
1124,Org Hardhat,White
1125,Org Hardhat,White
1126,Org Hardhat,White
1127,Org Hardhat,White
1128,Org Hardhat,White
1129,Org Hardhat,White
1130,Org Hardhat,White
1131,Org Hardhat,White
1132,Org Hardhat,White
1133,Org Hardhat,White
1134,Org Hardhat,White
1135,Org Hardhat,White
1136,Org Hardhat,White
1137,Org Hardhat,White
1138,Org Hardhat,White
1139,Org Hardhat,White
1140,Org Hardhat,White
1141,Org Hardhat,White
1142,Org Hardhat,White
1143,Org Hardhat,White
1144,Org Hardhat,White
1145,Org Hardhat,White
1146,Org Hardhat,White
1147,Org Hardhat,White
1148,Org Hardhat,White
1149,Org Hardhat,White
1150,Org Hardhat,White
1151,Org Hardhat,White
1152,Org Hardhat,White
1153,Org Hardhat,White
1154,Org Hardhat,White
1155,Org Hardhat,White
1156,Org Hardhat,White
1157,Org Hardhat,White
1158,Org Hardhat,White
1159,Org Hardhat,White
1160,Org Hardhat,White
1161,Org Hardhat,White
1162,Org Hardhat,White
1163,Org Hardhat,White
1164,Org Hardhat,White
1165,Org Hardhat,White
1166,Org Hardhat,White
1167,Org Hardhat,White
1168,Org Hardhat,White
1169,Org Hardhat,White
1170,Org Hardhat,White
1171,Org Hardhat,White
1172,Org Hardhat,White
1173,Org Hardhat,White
1174,Org Hardhat,White
1175,Org Hardhat,White
1176,Org Hardhat,White
1177,Org Hardhat,White
1178,Org Hardhat,White
1179,Org Hardhat,White
1180,Org Hardhat,White
1181,Org Hardhat,White
1182,Org Hardhat,White
1183,Org Hardhat,White
1184,Org Hardhat,White
1185,Org Hardhat,White
1186,Org Hardhat,White
1187,Org Hardhat,White
1188,Org Hardhat,White
1189,Org Hardhat,White
1190,Org Hardhat,White
1191,Org Hardhat,White
1192,Org Hardhat,White
1193,Org Hardhat,White
1194,Org Hardhat,White
1195,Org Hardhat,White
1196,Org Hardhat,White
1197,Org Hardhat,White
1198,Org Hardhat,White
1199,Org Hardhat,White
1200,Org Hardhat,White
1201,Org Hardhat,White
1202,Org Hardhat,White
1203,Org Hardhat,White
1204,Org Hardhat,White
1205,Org Hardhat,White
1206,Org Hardhat,White
1207,Org Hardhat,White
1208,Org Hardhat,White
1209,Org Hardhat,White
1210,Org Hardhat,White
1211,Org Hardhat,White
1212,Org Hardhat,White
1213,Org Hardhat,White
1214,Org Hardhat,White
1215,Org Hardhat,White
1216,Org Hardhat,White
1217,Org Hardhat,White
1218,Org Hardhat,White
1219,Org Hardhat,White
1220,Org Hardhat,White
1221,Org Hardhat,White
1222,Org Hardhat,White
1223,Org Hardhat,White
1224,Org Hardhat,White
1225,Org Hardhat,White
1226,Org Hardhat,White
1227,Org Hardhat,White
1228,Org Hardhat,White
1229,Org Hardhat,White
1230,Org Hardhat,White
1231,Org Hardhat,White
1232,Org Hardhat,White
1233,Org Hardhat,White
1234,Org Hardhat,White
1235,Org Hardhat,White
1236,Org Hardhat,White
1237,Org Hardhat,White
1238,Org Hardhat,White
1239,Org Hardhat,White
1240,Org Hardhat,White
1242,Org Hardhat,White
1243,Org Hardhat,White
1244,Org Hardhat,White
1245,Org Hardhat,White
1246,Org Hardhat,White
1247,Org Hardhat,White
1248,Org Hardhat,White
1249,Org Hardhat,White
1250,Org Hardhat,White
1251,Org Hardhat,White
1252,Org Hardhat,White
1253,Org Hardhat,White
1254,Org Hardhat,White
1255,Org Hardhat,White
1256,Org Hardhat,White
1257,Org Hardhat,White
1258,Org Hardhat,White
1259,Org Hardhat,White
1260,Org Hardhat,White
1261,Org Hardhat,White
1262,Org Hardhat,White
1263,Org Hardhat,White
1264,Org Hardhat,White
1265,Org Hardhat,White
1266,Org Hardhat,White
1267,Org Hardhat,White
1268,Org Hardhat,White
1269,Org Hardhat,White
1270,Org Hardhat,White
1271,Org Hardhat,White
1272,Org Hardhat,White
1273,Org Hardhat,White
1274,Org Hardhat,White
1275,Org Hardhat,White
1276,Org Hardhat,White
1277,Org Hardhat,White
1278,Org Hardhat,White
1279,Org Hardhat,White
1280,Org Hardhat,White
1281,Org Hardhat,White
1282,Org Hardhat,White
1283,Org Hardhat,White
1284,Org Hardhat,White
1285,Org Hardhat,White
1286,Org Hardhat,White
1287,Org Hardhat,White
1288,Org Hardhat,White
1289,Org Hardhat,White
1290,Org Hardhat,White
1291,Org Hardhat,White
1292,Org Hardhat,White
1293,Org Hardhat,White
1294,Org Hardhat,White
1295,Org Hardhat,White
1296,Org Hardhat,White
1297,Org Hardhat,White
1298,Org Hardhat,White
1299,Org Hardhat,White
1300,Org Hardhat,White
1301,Org Hardhat,White
1302,Org Hardhat,White
1303,Org Hardhat,White
1304,Org Hardhat,White
1305,Org Hardhat,White
1306,Org Hardhat,White
1307,Org Hardhat,White
1308,Org Hardhat,White
1309,Org Hardhat,White
1310,Org Hardhat,White
1311,Org Hardhat,White
1312,Org Hardhat,White
1313,Org Hardhat,White
1314,Org Hardhat,White
1315,Org Hardhat,White
1316,Org Hardhat,White
1317,Org Hardhat,White
1318,Org Hardhat,White
1319,Org Hardhat,White
1320,Org Hardhat,White
1321,Org Hardhat,White
1322,Org Hardhat,White
1323,Org Hardhat,White
1324,Org Hardhat,White
1325,Org Hardhat,White
1326,Org Hardhat,White
1327,Org Hardhat,White
1328,Org Hardhat,White
1329,Org Hardhat,White
1330,Org Hardhat,White
1331,Org Hardhat,White
1332,Org Hardhat,White
1333,Org Hardhat,White
1335,Org Hardhat,White
1347,Org Hardhat,White
1348,Org Hardhat,White
1349,Org Hardhat,White
1350,Org Hardhat,White
1351,Org Hardhat,White
1352,Org Hardhat,White
1353,Org Hardhat,White
1354,Org Hardhat,White
1355,Org Hardhat,White
1356,Org Hardhat,White
1357,Org Hardhat,White
1358,Org Hardhat,White
1359,Org Hardhat,White
1360,Org Hardhat,White
1361,Org Hardhat,White
1362,Org Hardhat,White
1379,Org Hardhat,White
1385,Org Hardhat,White
1386,Org Hardhat,White
1387,Org Hardhat,White
1388,Org Hardhat,White
1389,Org Hardhat,White
1390,Org Hardhat,White
1391,Org Hardhat,White
1392,Org Hardhat,White
1393,Org Hardhat,White
1394,Org Hardhat,White
1395,Org Hardhat,White
1396,Org Hardhat,White
1397,Org Hardhat,White
1398,Org Hardhat,White
1399,Org Hardhat,White
1400,Org Hardhat,White
1401,Org Hardhat,White
1402,Org Hardhat,White
1403,Org Hardhat,White
1404,Org Hardhat,White
1405,Org Hardhat,White
1406,Org Hardhat,White
1407,Org Hardhat,White
1408,Org Hardhat,White
1409,Org Hardhat,White
1410,Org Hardhat,White
1411,Org Hardhat,White
1412,Org Hardhat,White
1413,Org Hardhat,White
1414,Org Hardhat,White
1415,Org Hardhat,White
1416,Org Hardhat,White
1417,Org Hardhat,White
1418,Org Hardhat,White
1419,Org Hardhat,White
1420,Org Hardhat,White
1421,Org Hardhat,White
1422,Org Hardhat,White
1423,Org Hardhat,White
1424,Org Hardhat,White
1425,Org Hardhat,White
1426,Org Hardhat,White
1427,Org Hardhat,White
1428,Org Hardhat,White
1429,Org Hardhat,White
1430,Org Hardhat,White
1431,Org Hardhat,White
1432,Org Hardhat,White
1433,Org Hardhat,White
1434,Org Hardhat,White
1435,Org Hardhat,White
1436,Org Hardhat,White
1437,Org Hardhat,White
1438,Org Hardhat,White
1439,Org Hardhat,White
1440,Org Hardhat,White
1441,Org Hardhat,White
1442,Org Hardhat,White
1443,Org Hardhat,White
1444,Org Hardhat,White
1445,Org Hardhat,White
1446,Org Hardhat,White
1447,Org Hardhat,White
1448,Org Hardhat,White
1449,Org Hardhat,White
1456,Org Hardhat,White
1457,Org Hardhat,White
1458,Org Hardhat,White
1459,Org Hardhat,White
1460,Org Hardhat,White
1461,Org Hardhat,White
1462,Org Hardhat,White
1463,Org Hardhat,White
1464,Org Hardhat,White
1465,Org Hardhat,White
1466,Org Hardhat,White
1467,Org Hardhat,White
1468,Org Hardhat,White
1469,Org Hardhat,White
1472,Org Hardhat,White
1473,Org Hardhat,White
1474,Org Hardhat,White
1475,Org Hardhat,White
1476,Org Hardhat,White
1477,Org Hardhat,White
1478,Org Hardhat,White
1479,Org Hardhat,White
1480,Org Hardhat,White
1481,Org Hardhat,White
1482,Org Hardhat,White
1483,Org Hardhat,White
1484,Org Hardhat,White
1485,Org Hardhat,White
1486,Org Hardhat,
1487,Org Hardhat,White
1488,Org Hardhat,White
1489,Org Hardhat,White
1490,Org Hardhat,White
1491,Org Hardhat,White
1492,Org Hardhat,White
1493,Org Hardhat,White
1494,Org Hardhat,White
1495,Org Hardhat,White
1496,Org Hardhat,White
1497,Org Hardhat,White
1498,Org Hardhat,White
1499,Org Hardhat,White
1500,Org Hardhat,White
1501,Org Hardhat,White
1502,Org Hardhat,White
1503,Org Hardhat,White
1504,Org Hardhat,White
1505,Org Hardhat,White
1506,Org Hardhat,White
1507,Org Hardhat,White
1508,Org Hardhat,White
1509,Org Hardhat,White
1510,Org Hardhat,White
1511,Org Hardhat,White
1512,Org Hardhat,White
1513,Org Hardhat,White
1514,Org Hardhat,White
1515,Org Hardhat,White
1516,Org Hardhat,White
1517,Org Hardhat,White
1518,Org Hardhat,White
1519,Org Hardhat,White
1520,Org Hardhat,White
1521,Org Hardhat,White
1522,Org Hardhat,White
1523,Org Hardhat,White
1524,Org Hardhat,White
1525,Org Hardhat,White
1539,Org Hardhat,White
1542,Org Hardhat,White
1544,Org Hardhat,White
1668,Org Hardhat,White
1669,Org Hardhat,White
1670,Org Hardhat,White
1671,Org Hardhat,White
1672,Org Hardhat,White
1673,Org Hardhat,White
1674,Org Hardhat,White
1675,Org Hardhat,White
1676,Org Hardhat,White
1677,Org Hardhat,White
1678,Org Hardhat,White
1679,Org Hardhat,White
1680,Org Hardhat,White
1681,Org Hardhat,White
1682,Org Hardhat,White
1683,Org Hardhat,White
1684,Org Hardhat,White
1685,Org Hardhat,White
1686,Org Hardhat,White
1687,Org Hardhat,White
1754,Org Hardhat,White
1755,Org Hardhat,White
1756,Org Hardhat,White
1757,Org Hardhat,White
1758,Org Hardhat,White
1759,Org Hardhat,White
1760,Org Hardhat,White
1761,Org Hardhat,White
1762,Org Hardhat,White
1763,Org Hardhat,White
1764,Org Hardhat,White
1765,Org Hardhat,White
1766,Org Hardhat,White
1767,Org Hardhat,White
1768,Org Hardhat,White
1769,Org Hardhat,White
1770,Org Hardhat,White
1771,Org Hardhat,White
1772,Org Hardhat,White
1773,Org Hardhat,White
1774,Org Hardhat,White
1775,Org Hardhat,White
1776,Org Hardhat,White
1777,Org Hardhat,White
1778,Org Hardhat,White
1779,Org Hardhat,White
1780,Org Hardhat,White
1781,Org Hardhat,White
1782,Org Hardhat,White
1783,Org Hardhat,White
1784,Org Hardhat,White
1785,Org Hardhat,White
1786,Org Hardhat,White
1787,Org Hardhat,White
1788,Org Hardhat,White
1789,Org Hardhat,White
1790,Org Hardhat,White
1791,Org Hardhat,White
1792,Org Hardhat,White
1793,Org Hardhat,White
1794,Org Hardhat,White
1795,Org Hardhat,White
1796,Org Hardhat,White
1797,Org Hardhat,White
1798,Org Hardhat,White
1799,Org Hardhat,White
1800,Org Hardhat,White
1801,Org Hardhat,White
1802,Org Hardhat,White
1803,Org Hardhat,White
1804,Org Hardhat,White
1805,Org Hardhat,White
1806,Org Hardhat,White
1807,Org Hardhat,White
1808,Org Hardhat,White
1809,Org Hardhat,White
1810,Org Hardhat,White
1811,Org Hardhat,White
1812,Org Hardhat,White
1813,Org Hardhat,White
1814,Org Hardhat,White
1815,Org Hardhat,White
1816,Org Hardhat,White
1817,Org Hardhat,White
1818,Org Hardhat,White
1819,Org Hardhat,White
1820,Org Hardhat,White
1821,Org Hardhat,White
1822,Org Hardhat,White
1823,Org Hardhat,White
1824,Org Hardhat,White
1825,Org Hardhat,White
1826,Org Hardhat,White
1827,Org Hardhat,White
1828,Org Hardhat,White
1829,Org Hardhat,White
1830,Org Hardhat,White
1831,Org Hardhat,White
1832,Org Hardhat,White
1833,Org Hardhat,White
1834,Org Hardhat,White
1835,Org Hardhat,White
1836,Org Hardhat,White
1837,Org Hardhat,White
1838,Org Hardhat,White
1839,Org Hardhat,White
1840,Org Hardhat,White
1841,Org Hardhat,White
1842,Org Hardhat,White
1843,Org Hardhat,White
1844,Org Hardhat,White
1845,Org Hardhat,White
1846,Org Hardhat,White
1847,Org Hardhat,White
1848,Org Hardhat,White
1849,Org Hardhat,White
1850,Org Hardhat,White
1851,Org Hardhat,White
1852,Org Hardhat,White
1853,Org Hardhat,White
1854,Org Hardhat,White
1855,Org Hardhat,White
1856,Org Hardhat,White
1857,Org Hardhat,White
1858,Org Hardhat,White
1859,Org Hardhat,White
1860,Org Hardhat,White
1878,Org Hardhat,White
1880,Org Hardhat,White
1888,Org Hardhat,White
1889,Org Hardhat,White
1890,Org Hardhat,White
1891,Org Hardhat,White
1892,Org Hardhat,White
1893,Org Hardhat,White
1894,Org Hardhat,White
1900,Org Hardhat,White
1901,Org Hardhat,White
1902,Org Hardhat,White
1903,Org Hardhat,White
1904,Org Hardhat,White
1905,Org Hardhat,White
1909,Org Hardhat,White
1910,Org Hardhat,White
1911,Org Hardhat,White
2054,Org Hardhat,White
2055,Org Hardhat,White
2056,Org Hardhat,White
2057,Org Hardhat,White
2058,Org Hardhat,White
2059,Org Hardhat,White
2060,Org Hardhat,White
2061,Org Hardhat,White
2062,Org Hardhat,White
2063,Org Hardhat,White
2064,Org Hardhat,White
2065,Org Hardhat,White
2066,Org Hardhat,White
2067,Org Hardhat,White
2068,Org Hardhat,White
2069,Org Hardhat,White
2070,Org Hardhat,White
2071,Org Hardhat,White
2072,Org Hardhat,White
2074,Org Hardhat,White
2075,Org Hardhat,White
2076,Org Hardhat,White
2077,Org Hardhat,White
2078,Org Hardhat,White
2079,Org Hardhat,White
2108,Org Hardhat,White
2109,Org Hardhat,White
2110,Org Hardhat,White
2111,Org Hardhat,White
2112,Org Hardhat,White
2113,Org Hardhat,White
2114,Org Hardhat,White
2115,Org Hardhat,White
2116,Org Hardhat,White
2117,Org Hardhat,White
2118,Org Hardhat,White
2119,Org Hardhat,White
2120,Org Hardhat,White
2122,Org Hardhat,White
2123,Org Hardhat,White
2124,Org Hardhat,White
2134,Org Hardhat,White
2136,Org Hardhat,White
2137,Org Hardhat,White
2138,Org Hardhat,White
2143,Org Hardhat,White
2144,Org Hardhat,White
2145,Org Hardhat,White
2150,Org Hardhat,
2157,Org Hardhat,White
2222,Org Hardhat,White
2223,Org Hardhat,White
2224,Org Hardhat,White
2225,Org Hardhat,White
2226,Org Hardhat,White
2227,Org Hardhat,White
2228,Org Hardhat,White
2229,Org Hardhat,White
2230,Org Hardhat,White
2231,Org Hardhat,White
2232,Org Hardhat,White
2233,Org Hardhat,White
2234,Org Hardhat,White
2235,Org Hardhat,White
2236,Org Hardhat,White
2237,Org Hardhat,White
2238,Org Hardhat,White
2239,Org Hardhat,White
2240,Org Hardhat,White
2241,Org Hardhat,White
2242,Org Hardhat,White
2243,Org Hardhat,White
2244,Org Hardhat,White
2245,Org Hardhat,White
2246,Org Hardhat,White
2247,Org Hardhat,White
2248,Org Hardhat,White
2249,Org Hardhat,White
2250,Org Hardhat,White
2251,Org Hardhat,White
2252,Org Hardhat,White
2253,Org Hardhat,White
2254,Org Hardhat,White
2255,Org Hardhat,White
2256,Org Hardhat,White
2257,Org Hardhat,White
2258,Org Hardhat,White
2259,Org Hardhat,White
2260,Org Hardhat,White
2261,Org Hardhat,White
2262,Org Hardhat,White
2263,Org Hardhat,White
2264,Org Hardhat,White
2265,Org Hardhat,White
2266,Org Hardhat,White
2267,Org Hardhat,White
2268,Org Hardhat,White
2269,Org Hardhat,White
2270,Org Hardhat,White
2271,Org Hardhat,White
2272,Org Hardhat,White
2273,Org Hardhat,White
2274,Org Hardhat,White
2275,Org Hardhat,White
2276,Org Hardhat,White
2277,Org Hardhat,White
2278,Org Hardhat,White
2279,Org Hardhat,White
2280,Org Hardhat,White
2281,Org Hardhat,White
2282,Org Hardhat,White
2283,Org Hardhat,White
2284,Org Hardhat,White
2285,Org Hardhat,White
2286,Org Hardhat,White
2287,Org Hardhat,White
2288,Org Hardhat,White
2289,Org Hardhat,White
2290,Org Hardhat,White
2291,Org Hardhat,White
2292,Org Hardhat,White
2293,Org Hardhat,White
2294,Org Hardhat,White
2295,Org Hardhat,White
2296,Org Hardhat,White
2297,Org Hardhat,White
2298,Org Hardhat,White
2299,Org Hardhat,White
2300,Org Hardhat,White
2301,Org Hardhat,White
2302,Org Hardhat,White
2303,Org Hardhat,White
2304,Org Hardhat,White
2305,Org Hardhat,White
2306,Org Hardhat,White
2307,Org Hardhat,White
2308,Org Hardhat,White
2309,Org Hardhat,White
2310,Org Hardhat,White
2311,Org Hardhat,White
2312,Org Hardhat,White
2313,Org Hardhat,White
2314,Org Hardhat,White
2315,Org Hardhat,White
2316,Org Hardhat,White
2317,Org Hardhat,White
2318,Org Hardhat,White
2319,Org Hardhat,White
2320,Org Hardhat,White
2321,Org Hardhat,White
2322,Org Hardhat,White
2323,Org Hardhat,White
2324,Org Hardhat,White
2325,Org Hardhat,White
2326,Org Hardhat,White
2427,Org Hardhat,White
2428,Org Hardhat,White
2429,Org Hardhat,White
2430,Org Hardhat,White
2431,Org Hardhat,White
2432,Org Hardhat,White
2433,Org Hardhat,White
2434,Org Hardhat,White
2435,Org Hardhat,White
2436,Org Hardhat,White
2437,Org Hardhat,White
2438,Org Hardhat,White
2439,Org Hardhat,White
2440,Org Hardhat,White
2441,Org Hardhat,White
2442,Org Hardhat,White
2443,Org Hardhat,White
2444,Org Hardhat,White
2445,Org Hardhat,White
2446,Org Hardhat,White
2447,Org Hardhat,White
2448,Org Hardhat,White
2449,Org Hardhat,White
2457,Org Hardhat,White
2508,Org Hardhat,White
2509,Org Hardhat,White
2510,Org Hardhat,White
2511,Org Hardhat,White
2512,Org Hardhat,White
2513,Org Hardhat,White
2514,Org Hardhat,White
2515,Org Hardhat,White
2516,Org Hardhat,White
2517,Org Hardhat,White
2518,Org Hardhat,White
2519,Org Hardhat,White
2520,Org Hardhat,White
2521,Org Hardhat,White
2522,Org Hardhat,White
2523,Org Hardhat,White
2528,Org Hardhat,White
2529,Org Hardhat,White
2530,Org Hardhat,White
2531,Org Hardhat,White
2656,Org Hardhat,White
2677,Org Hardhat,White
2678,Org Hardhat,White
2679,Org Hardhat,White
2680,Org Hardhat,White
2681,Org Hardhat,White
2682,Org Hardhat,White
2683,Org Hardhat,White
2684,Org Hardhat,White
2685,Org Hardhat,White
2686,Org Hardhat,White
2687,Org Hardhat,White
2688,Org Hardhat,White
2689,Org Hardhat,White
2690,Org Hardhat,White
2691,Org Hardhat,White
2692,Org Hardhat,White
2693,Org Hardhat,White
2694,Org Hardhat,White
2695,Org Hardhat,White
2696,Org Hardhat,White
2697,Org Hardhat,White
2698,Org Hardhat,White
2699,Org Hardhat,White
2700,Org Hardhat,White
2701,Org Hardhat,White
2702,Org Hardhat,White
2703,Org Hardhat,White
2704,Org Hardhat,White
2705,Org Hardhat,White
2706,Org Hardhat,White
2710,Org Hardhat,White
2711,Org Hardhat,White
2822,Org Hardhat,
2827,Org Hardhat,
2828,Org Hardhat,
2971,Org Hardhat,
2972,Org Hardhat,
2988,Org Hardhat,
2992,Org Hardhat,
2994,Org Hardhat,
2995,Org Hardhat,
2996,Org Hardhat,
2997,Org Hardhat,
2998,Org Hardhat,
2999,Org Hardhat,
3000,Org Hardhat,
3002,Org Hardhat,
3003,Org Hardhat,
3004,Org Hardhat,
3005,Org Hardhat,
3006,Org Hardhat,
3007,Org Hardhat,
3008,Org Hardhat,
3009,Org Hardhat,
3010,Org Hardhat,
3011,Org Hardhat,
3012,Org Hardhat,
3013,Org Hardhat,
3014,Org Hardhat,
3015,Org Hardhat,
3016,Org Hardhat,
3017,Org Hardhat,
3018,Org Hardhat,
3019,Org Hardhat,
3020,Org Hardhat,
3021,Org Hardhat,
3022,Org Hardhat,
3023,Org Hardhat,
3024,Org Hardhat,
3025,Org Hardhat,
3026,Org Hardhat,
3027,Org Hardhat,
3028,Org Hardhat,
3029,Org Hardhat,
3030,Org Hardhat,
3031,Org Hardhat,
3032,Org Hardhat,
3033,Org Hardhat,
3034,Org Hardhat,
3035,Org Hardhat,
3036,Org Hardhat,
3037,Org Hardhat,
3038,Org Hardhat,
3039,Org Hardhat,
3040,Org Hardhat,
3041,Org Hardhat,
3042,Org Hardhat,
3043,Org Hardhat,
3044,Org Hardhat,
3045,Org Hardhat,
3046,Org Hardhat,
3047,Org Hardhat,
3048,Org Hardhat,
3049,Org Hardhat,
3050,Org Hardhat,
3051,Org Hardhat,
3052,Org Hardhat,
3053,Org Hardhat,
3054,Org Hardhat,
3055,Org Hardhat,
3056,Org Hardhat,
3057,Org Hardhat,
3058,Org Hardhat,
3059,Org Hardhat,
3060,Org Hardhat,
3061,Org Hardhat,
3062,Org Hardhat,
3063,Org Hardhat,
3064,Org Hardhat,
3065,Org Hardhat,
3066,Org Hardhat,
3067,Org Hardhat,
3068,Org Hardhat,
3069,Org Hardhat,
3070,Org Hardhat,
3071,Org Hardhat,
3072,Org Hardhat,
3073,Org Hardhat,
3074,Org Hardhat,
3075,Org Hardhat,
3076,Org Hardhat,
3077,Org Hardhat,
3078,Org Hardhat,
3079,Org Hardhat,
3080,Org Hardhat,
3081,Org Hardhat,
3082,Org Hardhat,
3083,Org Hardhat,
3084,Org Hardhat,
3085,Org Hardhat,
3086,Org Hardhat,
3087,Org Hardhat,
3088,Org Hardhat,
3089,Org Hardhat,
3090,Org Hardhat,
3091,Org Hardhat,
3092,Org Hardhat,
3093,Org Hardhat,
3094,Org Hardhat,No chasis
3095,Org Hardhat,
3096,Org Hardhat,
3097,Org Hardhat,No chasis
3098,Org Hardhat,
3099,Org Hardhat,
3100,Org Hardhat,
3101,Org Hardhat,
3102,Org Hardhat,
3103,Org Hardhat,
3104,Org Hardhat,
3105,Org Hardhat,
3106,Org Hardhat,
3107,Org Hardhat,
3108,Org Hardhat,
3109,Org Hardhat,
3110,Org Hardhat,
3111,Org Hardhat,
3112,Org Hardhat,
3113,Org Hardhat,
3115,Org Hardhat,
3116,Org Hardhat,
3117,Org Hardhat,
3118,Org Hardhat,
3119,Org Hardhat,
3120,Org Hardhat,
3121,Org Hardhat,
3122,Org Hardhat,
3123,Org Hardhat,
3124,Org Hardhat,
3125,Org Hardhat,
3126,Org Hardhat,
3127,Org Hardhat,
3128,Org Hardhat,
3129,Org Hardhat,
3131,Org Hardhat,
3133,Org Hardhat,
3134,Org Hardhat,
3135,Org Hardhat,
3136,Org Hardhat,
3137,Org Hardhat,
3138,Org Hardhat,
3139,Org Hardhat,
3141,Org Hardhat,
3143,Org Hardhat,
3144,Org Hardhat,No chasis
3149,Org Hardhat,
3150,Org Hardhat,
3151,Org Hardhat,
3152,Org Hardhat,
3154,Org Hardhat,
3155,Org Hardhat,
3156,Org Hardhat,
3157,Org Hardhat,
3158,Org Hardhat,
3159,Org Hardhat,
3161,Org Hardhat,
3162,Org Hardhat,
3163,Org Hardhat,
3164,Org Hardhat,
3165,Org Hardhat,
3166,Org Hardhat,
3167,Org Hardhat,
3168,Org Hardhat,
3169,Org Hardhat,
3170,Org Hardhat,
3171,Org Hardhat,
3172,Org Hardhat,
3173,Org Hardhat,
3175,Org Hardhat,
3176,Org Hardhat,
3179,Org Hardhat,
3181,Org Hardhat,
3182,Org Hardhat,
3183,Org Hardhat,
3184,Org Hardhat,
3185,Org Hardhat,
3186,Org Hardhat,
3187,Org Hardhat,
3188,Org Hardhat,
3190,Org Hardhat,
3191,Org Hardhat,
3192,Org Hardhat,
3193,Org Hardhat,
3194,Org Hardhat,
3195,Org Hardhat,
3196,Org Hardhat,
3197,Org Hardhat,
3198,Org Hardhat,
3199,Org Hardhat,
3200,Org Hardhat,
3201,Org Hardhat,
3202,Org Hardhat,
3203,Org Hardhat,
3204,Org Hardhat,
3205,Org Hardhat,
3206,Org Hardhat,
3207,Org Hardhat,
3208,Org Hardhat,
3209,Org Hardhat,
3210,Org Hardhat,
3211,Org Hardhat,
3212,Org Hardhat,
3213,Org Hardhat,
3214,Org Hardhat,
3215,Org Hardhat,
3298,Org Hardhat,
3313,Org Hardhat,No chasis
1334,SCC Hardhat,Blue
1336,SCC Hardhat,Blue
1337,SCC Hardhat,Blue
1338,SCC Hardhat,Blue
1339,SCC Hardhat,Blue
1340,SCC Hardhat,Blue
1341,SCC Hardhat,Blue
1342,SCC Hardhat,Blue
1343,SCC Hardhat,Blue
1344,SCC Hardhat,Blue
1345,SCC Hardhat,Blue
1346,SCC Hardhat,Blue
1363,SCC Hardhat,Blue
1364,SCC Hardhat,Blue
1365,SCC Hardhat,Blue
1366,SCC Hardhat,Blue
1367,SCC Hardhat,Blue
1368,SCC Hardhat,Blue
1369,SCC Hardhat,Blue
1370,SCC Hardhat,Blue
1371,SCC Hardhat,Blue
1372,SCC Hardhat,Blue
1373,SCC Hardhat,Blue
1374,SCC Hardhat,Blue
1375,SCC Hardhat,Blue
1376,SCC Hardhat,Blue
1377,SCC Hardhat,Blue
1378,SCC Hardhat,Blue
1455,SCC Hardhat,Blue
1529,SCC Hardhat,Blue
1530,SCC Hardhat,Blue
1531,SCC Hardhat,Blue
1532,SCC Hardhat,Blue
1533,SCC Hardhat,Blue
1534,SCC Hardhat,Blue
1535,SCC Hardhat,Blue
1536,SCC Hardhat,Blue
1537,SCC Hardhat,Blue
1538,SCC Hardhat,White
1540,SCC Hardhat,Blue
1541,SCC Hardhat,Blue
1543,SCC Hardhat,Blue
1545,SCC Hardhat,Blue
1565,SCC Hardhat,Blue
1566,SCC Hardhat,Blue
1567,SCC Hardhat,Blue
1918,SCC Hardhat,Blue
1919,SCC Hardhat,Blue
1920,SCC Hardhat,Blue
1921,SCC Hardhat,Blue
1922,SCC Hardhat,Blue
1923,SCC Hardhat,Blue
1924,SCC Hardhat,Blue
1925,SCC Hardhat,Blue
1926,SCC Hardhat,Blue
2031,SCC Hardhat,Blue
2121,SCC Hardhat,Blue
2130,SCC Hardhat,Blue
2450,SCC Hardhat,Blue
2451,SCC Hardhat,Blue
2660,SCC Hardhat,Blue
2661,SCC Hardhat,Blue
2662,SCC Hardhat,Blue
2663,SCC Hardhat,Blue
2664,SCC Hardhat,Blue
2665,SCC Hardhat,Blue
2666,SCC Hardhat,Blue
2667,SCC Hardhat,Blue
2673,SCC Hardhat,Blue
2778,SCC Hardhat,Blue
2779,SCC Hardhat,Blue
2780,SCC Hardhat,Blue
2781,SCC Hardhat,Blue
3216,SCC Hardhat,
3217,SCC Hardhat,
3218,SCC Hardhat,
3244,SCC Hardhat,
3247,SCC Hardhat,
3299,SCC Hardhat,
3300,SCC Hardhat,
3301,SCC Hardhat,
3302,SCC Hardhat,
3303,SCC Hardhat,
3304,SCC Hardhat,
3305,SCC Hardhat,
3306,SCC Hardhat,
3307,SCC Hardhat,
3308,SCC Hardhat,
3309,SCC Hardhat,
3310,SCC Hardhat,
3311,SCC Hardhat,
3312,SCC Hardhat,
3314,SCC Hardhat,
3315,SCC Hardhat,
3316,SCC Hardhat,
3317,SCC Hardhat,
3318,SCC Hardhat,
3319,SCC Hardhat,
3320,SCC Hardhat,
3321,SCC Hardhat,
3322,SCC Hardhat,
3323,SCC Hardhat,No chasis
3324,SCC Hardhat,
3325,SCC Hardhat,
3326,SCC Hardhat,
3327,SCC Hardhat,
3329,SCC Hardhat,No chasis
3330,SCC Hardhat,
3331,SCC Hardhat,
3332,SCC Hardhat,No chasis
3333,SCC Hardhat,No chasis
3334,SCC Hardhat,
3335,SCC Hardhat,
3336,SCC Hardhat,