barcode,name,description
1,SCC Radio,Motorola CP200
2,SCC Radio,Motorola CP200
3,SCC Radio,Motorola CP200
4,SCC Radio,Motorola CP200
5,SCC Radio,Motorola CP200
6,SCC Radio,Motorola CP200
7,SCC Radio,Motorola CP200
8,SCC Radio,Motorola CP200
9,SCC Radio,Motorola CP200
10,SCC Radio,Motorola CP200
11,SCC Radio,Motorola CP200
12,SCC Radio,Motorola CP200
13,SCC Radio,Motorola CP200
14,SCC Radio,Motorola CP200
15,SCC Radio,Motorola CP200
16,SCC Radio,Motorola CP200
17,SCC Radio,Motorola CP200
18,SCC Radio,Motorola CP200
19,SCC Radio,Motorola CP200
20,SCC Radio,Motorola CP200
21,SCC Radio,Motorola CP200
22,SCC Radio,Motorola CP200
23,SCC Radio,Motorola CP200
24,SCC Radio,Motorola CP200
25,SCC Radio,
26,SCC Radio,White
27,SCC Radio,White
28,SCC Radio,White
29,SCC Radio,White
30,SCC Radio,
101,Watch Shift Radio,Motorola HT750
102,Watch Shift Radio,Motorola HT750
103,Watch Shift Radio,Motorola HT750
104,Watch Shift Radio,Motorola HT750
105,Watch Shift Radio,Motorola HT750
106,Watch Shift Radio,Motorola HT750
107,Watch Shift Radio,Motorola HT750
108,Watch Shift Radio,Motorola HT750
1453,Reel Tape Measure,300' Black
1550,Miter Saw,
1559,Level,
1561,Level,
1591,Drill,
1595,Drill,
1597,Battery,
1600,Battery,
1602,Drill,
1624,Hand Saw,
1626,Clamp,
1632,Crowbar,
1647,Jigsaw,
1752,Circular Saw,
1877,Battery,
1881,SCC Radio,Motorola CP200
1928,Drill,broken
1983,Battery,
2046,Brush,wire
2048,Brush,wire
2161,Dustpan,metal
2386,Wrench,
2396,Wrench,small wrench set missing many
2407,Battery,
2409,Battery,
2421,Camera (old),
2422,Camera (old),
2423,Camera (old),
2424,Camera (old),
2427,Ladder,
2507,Light,
2534,Drill,
2545,Drill,
2557,Light Up Stick,
2596,Square Clamp,
2597,Square Clamp,
2598,Square Clamp,
2611,Box Cutter,
2615,Belt Sander,
2618,Drill,
2619,Drill,
2620,Drill,
2636,Battery,
2721,Wrench,
2774,Magnet Broom,missing wheel
2776,Magnet Broom,
2784,Level,
2836,Drill,
2837,Drill,
2842,Drill,
2857,Drill,
2859,Drill,
2862,Drill,
2882,Drill,
2908,Level,
2910,Level,
2938,Drill,
2940,Drill,
3223,Ladder,
3226,Battery,
3228,Belt Sander,
3232,Belt Sander,
3289,Staple Gun,
3295,Light Tower,
3341,Light,
3346,Battery,
3347,Battery,
3348,Battery,
3379,Screwdriver,
3428,Level,
3458,Battery,
3518,Crowbar,
3545,Wrench,small
3546,Wrench,small
3559,Crowbar,
3560,Hand Saw,
3561,Hand Saw,
3579,Drill,
3582,Battery,
3588,Socket Wrench Set,
3600,Miter Saw,
3613,Battery,
3615,Box Cutter,
3624,Battery,
3625,Level,
3627,Level,
3628,Level,
3629,Level,
3659,Light Up Stick,
3671,Clamp,
3678,Sledgehammer,
3679,Stud Finder,
3691,Circular Saw,
3692,Ladder,
3696,Battery,
3699,Clamp,
3700,Clamp,
3705,Light Up Stick,
3706,Light Up Stick,
3711,Light Up Stick,
3712,Light Up Stick,
3716,Level,
3721,Level,
3722,Level,
3725,Level,
3726,Level,
3727,Level,
3729,Level,
3746,Battery,
3754,Clamp,
3782,Clamp,
3789,Ladder,
3802,Shovel,
5032,Ladder,
5033,Ladder,
5038,Ladder,
5065,Ladder,
5067,Ladder,
5068,Laser Level,
5069,Light,
5070,Light,
5071,Battery,
5072,Battery,
5075,Battery,
5079,Battery,
5081,Battery,
5083,Battery,
5084,Battery,
5085,Battery,
5086,Drill,
5087,Battery,
5088,Battery,
5089,Battery,
5122,Impact Driver,
5126,Clamp,
5129,Drill,
5130,Clamp,
5131,Clamp,
5132,Clamp,
5133,Clamp,
5134,Caulk Gun,
5135,Clamp,
5136,Clamp,
5137,Clamp,
5138,Caulk Gun,
5139,Clamp,
5140,Clamp,
5142,Screwdriver,
5145,Jigsaw,
5148,Screwdriver,
5149,Screwdriver,
5200,Clamp,
5201,Clamp,
5202,Clamp,
5203,Angle Measurer,
5204,Clamp,
5208,Clamp,
5209,Level,
5215,Drill,
5216,Drill,
5217,Jigsaw,
5218,Impact Driver,
5219,Drill,
5220,Drill,
5222,Drill,
5223,Drill,
5225,Impact Driver,
5226,Impact Driver,
5227,Drill,
5228,Drill,
5230,Impact Driver,
5231,Impact Driver,
5232,Drill,
5234,Screwdriver,
5235,Impact Driver,
5236,Drill,
5238,Hammer,
5239,Hammer,
5240,Pliers,
5241,Pliers,
5246,Caulk Gun,
5247,Cut Off Tool,
5248,Bandsaw,
5249,Wrench,
5252,Drill,
5256,Laser Level Stand,
5258,Drill,
5260,Headlamp,
5268,Jigsaw,
5269,Drill,
5272,Light,
5273,Drill,
5274,Wire Strippers,
5279,Drill,
5300,Pliers,
5308,Flashlight,doesn't work might need batteries
5310,Flashlight,doesn't work might need batteries
5311,Stud Finder,
5312,Wrench,set
5313,Sawzall,
5317,Pliers,
5328,Battery,
5329,Drill,
5330,Battery,
5331,Battery,
5405,Pliers,
5406,Pliers,
5407,Pliers,
5408,Pliers,
5409,Pliers,
5410,Pliers,
5412,Pliers,
5450,Screwdriver,
5451,Screwdriver,
5452,Screwdriver,
5453,Screwdriver,
5454,Bolt Thing,
5455,Exacto Knife,
5456,Scissor,
5457,Drill,
5458,Drill,
5459,Drill,
5460,Drill,
5461,Caulk Gun,
5462,Crowbar,
5464,Wrench,Vaun's fav <3
5465,Wrench,
5466,Wrench,
5467,Wrench,
5468,Wrench,
5469,Wrench,
5470,Wrench,
5471,Wrench,
5473,Wrench,
5474,Wrench,
5475,Wrench,
5476,Wrench,
5477,Wrench,
5500,Drill,
5501,Impact Driver,
5551,Drill,
5552,Battery,
5553,Screwdriver,
5554,Drill,
5555,Battery,
5557,Impact Wrench,
5558,Fish Tape Drum,
5559,Impact Wrench,
5560,Jobsite Radio,
5561,Orbit Sander,
5562,Angle Measurer,
5563,Jigsaw,
5564,Screwdriver,
5565,Screwdriver,
5566,Nail Puller,
5567,Staple Gun,
5568,Screwdriver,
5569,Screwdriver,
5570,Screwdriver,
5571,Pliers,
5572,Wrench,
5573,Wrench,
5574,Socket Wrench Set,
5575,Pliers,
5576,Wrench,
5577,Wrench,
5578,Jigsaw,
5579,Circular Saw,
5580,Wrench,small
5581,Jigsaw,
5583,Battery,
5584,Orbit Sander,
5585,Wire Strippers,
5586,Wire Strippers,
5587,Wire Strippers,
5588,Bandsaw,
5589,Miter Saw,
5590,Wire Strippers,
5591,Laser Measure,
5592,Bandsaw,
5596,Wire Strippers,
5599,Drill,
5600,Pliers,
5601,Pliers,
5602,Pliers,
5603,Screwdriver,
5606,Circular Saw,
5607,Battery,
5610,Screwdriver,
5611,Ladder,
5614,Ladder,
5615,Ladder,
5616,Light Tower,
5617,Light,
5618,Light,
5619,Light,
5620,Ruler,
5621,Level,
5622,Ruler,
5623,Light Up Stick,
5624,Drill,
5625,Hammer,
5626,Laser Level,
5628,Laser Level Stand,
5629,Trundle Wheel,
5630,Battery,
5632,Battery,
5633,Laser Level Stand,
5635,Battery,
5636,Battery,
5637,Battery,
5638,Battery,
5639,Wrench,
5640,Battery,
5641,Battery,
5642,Wrench,
5643,Wrench,
5644,Wrench,
5645,Wrench,
5646,Wrench,
5647,Wrench,
5648,Wrench,
5649,Wrench,
5663,Wrench,
5921,Level,
10001,Ladder,
10003,Clamp,
10009,Level,
10010,Level,
10011,Level,
10014,Clamp,
10017,Level,
10018,Clamp,
10019,Clamp,
10020,Clamp,
10022,Clamp,
10026,Laser Measure,
10029,Laser Measure,
10191,Hand Saw,
10193,Circular Saw,
10203,Stud Finder,
10204,Stud Finder,
10212,Wire Strippers,
10215,Drill,
10223,Circular Saw,
10232,Battery,
10234,Drill,
10236,Pliers,
10237,Light Tower,
10285,Drill,
10286,Hammer,
10287,Drill,
10290,Wrench,
11787,Battery,
11789,Battery,
11790,Battery,
11793,Battery,
11794,Battery,
11797,Battery,
11803,Battery,
11804,Battery,
11805,Battery,
11806,Battery,
11807,Battery,
11809,Battery,
11812,Battery,
11815,Battery,
11822,Battery,
11823,Battery,
11824,Battery,
11825,Battery,
11826,Battery,
11827,Battery,
11837,Battery,
11838,Battery,
11851,Battery,
11883,Drill,
11890,Inflator,
11912,Inflator,
11915,Hacksaw,
11920,Battery,
11939,Bandsaw,
11941,Jobsite Radio,
11942,Circular Saw,
11944,Light,
11947,Impact Wrench,
20120,Lighter,
36330,Light Up Stick,
2953,Booth Chair Hardhat,Red
3415,Booth Chair Hardhat,Red
3641,Booth Chair Hardhat,Red
3644,Booth Chair Hardhat,Red
3646,Booth Chair Hardhat,Red
3649,Booth Chair Hardhat,Red
3651,Booth Chair Hardhat,Red
3653,Booth Chair Hardhat,Red
3656,Booth Chair Hardhat,Red
3664,Booth Chair Hardhat,Red
3665,Booth Chair Hardhat,Red
3730,Booth Chair Hardhat,Red
3732,Booth Chair Hardhat,Red
3733,Booth Chair Hardhat,Red
3735,Booth Chair Hardhat,Red
3736,Booth Chair Hardhat,Red
3737,Booth Chair Hardhat,Red
3738,Booth Chair Hardhat,Red
5002,Booth Chair Hardhat,Red
5003,Booth Chair Hardhat,Red
5004,Booth Chair Hardhat,Red
5005,Booth Chair Hardhat,Red
5007,Booth Chair Hardhat,Red
5008,Booth Chair Hardhat,Red
5009,Booth Chair Hardhat,Red
5010,Booth Chair Hardhat,Red
5168,Booth Chair Hardhat,Red
5169,Booth Chair Hardhat,Red
5171,Booth Chair Hardhat,Red
5172,Booth Chair Hardhat,Red
5173,Booth Chair Hardhat,Red
5174,Booth Chair Hardhat,Red
5175,Booth Chair Hardhat,Red
5176,Booth Chair Hardhat,Red
5177,Booth Chair Hardhat,Red
5178,Booth Chair Hardhat,Red
5179,Booth Chair Hardhat,Red
5181,Booth Chair Hardhat,Red
5182,Booth Chair Hardhat,Red
5183,Booth Chair Hardhat,Red
5184,Booth Chair Hardhat,Red
5185,Booth Chair Hardhat,Red
5186,Booth Chair Hardhat,Red
5187,Booth Chair Hardhat,Red
5188,Booth Chair Hardhat,Red
5189,Booth Chair Hardhat,Red
5190,Booth Chair Hardhat,Red
5191,Booth Chair Hardhat,Red
5192,Booth Chair Hardhat,Red
5193,Booth Chair Hardhat,Red
5194,Booth Chair Hardhat,Red
5195,Booth Chair Hardhat,Red
5196,Booth Chair Hardhat,Red
5292,Booth Chair Hardhat,Red
5296,Booth Chair Hardhat,Red
5297,Booth Chair Hardhat,Red
5297,Booth Chair Hardhat,Red
5298,Booth Chair Hardhat,Red
5299,Booth Chair Hardhat,Red
5302,Booth Chair Hardhat,Red
5303,Booth Chair Hardhat,Red
5314,Booth Chair Hardhat,Red
5324,Booth Chair Hardhat,Red
5326,Booth Chair Hardhat,Red
5327,Booth Chair Hardhat,Red
5344,Booth Chair Hardhat,Red
5345,Booth Chair Hardhat,Red
5346,Booth Chair Hardhat,Red
5347,Booth Chair Hardhat,Red
5348,Booth Chair Hardhat,Red
5349,Booth Chair Hardhat,Red
5350,Booth Chair Hardhat,Red
5502,Booth Chair Hardhat,Red
5546,Booth Chair Hardhat,Red
5547,Booth Chair Hardhat,Red
5548,Booth Chair Hardhat,Red
11703,Booth Chair Hardhat,Red
11704,Booth Chair Hardhat,Red
11705,Booth Chair Hardhat,Red
11706,Booth Chair Hardhat,Red
11707,Booth Chair Hardhat,Red
11709,Booth Chair Hardhat,Red
11712,Booth Chair Hardhat,Red
11713,Booth Chair Hardhat,Red
11714,Booth Chair Hardhat,Red
11715,Booth Chair Hardhat,Red
11716,Booth Chair Hardhat,Red
11717,Booth Chair Hardhat,Red
11718,Booth Chair Hardhat,Red
11721,Booth Chair Hardhat,Red
11723,Booth Chair Hardhat,Red
11724,Booth Chair Hardhat,Red
11725,Booth Chair Hardhat,Red
11727,Booth Chair Hardhat,Red
11728,Booth Chair Hardhat,Red
11729,Booth Chair Hardhat,Red
11730,Booth Chair Hardhat,Red
11731,Booth Chair Hardhat,Red
11732,Booth Chair Hardhat,Red
11733,Booth Chair Hardhat,Red
11734,Booth Chair Hardhat,Red
11735,Booth Chair Hardhat,Red
11739,Booth Chair Hardhat,Red
11740,Booth Chair Hardhat,Red
11741,Booth Chair Hardhat,Red
11742,Booth Chair Hardhat,Red
11744,Booth Chair Hardhat,Red
11745,Booth Chair Hardhat,Red
11746,Booth Chair Hardhat,Red
11748,Booth Chair Hardhat,Red
11749,Booth Chair Hardhat,Red
11751,Booth Chair Hardhat,Red
11754,Booth Chair Hardhat,Red
11755,Booth Chair Hardhat,Red
11756,Booth Chair Hardhat,Red
11757,Booth Chair Hardhat,Red
11759,Booth Chair Hardhat,Red
11760,Booth Chair Hardhat,Red
11763,Booth Chair Hardhat,Red
11764,Booth Chair Hardhat,Red
11766,Booth Chair Hardhat,Red
11769,Booth Chair Hardhat,Red
176,Org Hardhat,White
708,Org Hardhat,White
900,Org Hardhat,White
1019,Org Hardhat,White
2240,Org Hardhat,White
2264,Org Hardhat,White
2279,Org Hardhat,White
2289,Org Hardhat,White
2297,Org Hardhat,White
2436,Org Hardhat,White
2439,Org Hardhat,White
2691,Org Hardhat,White
3002,Org Hardhat,White
3010,Org Hardhat,White
3012,Org Hardhat,White
3022,Org Hardhat,White
3085,Org Hardhat,White
3095,Org Hardhat,White
3127,Org Hardhat,White
3130,Org Hardhat,White
3153,Org Hardhat,White
5012,Org Hardhat,White
5013,Org Hardhat,White
5014,Org Hardhat,White
5015,Org Hardhat,White
5016,Org Hardhat,White
5017,Org Hardhat,White
5018,Org Hardhat,White
5019,Org Hardhat,White
5020,Org Hardhat,White
5021,Org Hardhat,White
5022,Org Hardhat,White
5023,Org Hardhat,White
5024,Org Hardhat,White
5025,Org Hardhat,White
5026,Org Hardhat,White
5027,Org Hardhat,White
5029,Org Hardhat,White
5030,Org Hardhat,White
5031,Org Hardhat,White
5045,Org Hardhat,White
5047,Org Hardhat,White
5049,Org Hardhat,White
5052,Org Hardhat,White
5053,Org Hardhat,White
5054,Org Hardhat,White
5055,Org Hardhat,White
5058,Org Hardhat,White
5060,Org Hardhat,White
5061,Org Hardhat,White
5063,Org Hardhat,White
5100,Org Hardhat,White
5102,Org Hardhat,White
5103,Org Hardhat,White
5104,Org Hardhat,White
5105,Org Hardhat,White
5107,Org Hardhat,White
5108,Org Hardhat,White
5109,Org Hardhat,White
5110,Org Hardhat,White
5111,Org Hardhat,White
5112,Org Hardhat,White
5113,Org Hardhat,White
5114,Org Hardhat,White
5115,Org Hardhat,White
5116,Org Hardhat,White
5117,Org Hardhat,White
5118,Org Hardhat,White
5119,Org Hardhat,White
5120,Org Hardhat,White
5121,Org Hardhat,White
5123,Org Hardhat,White
5125,Org Hardhat,White
5146,Org Hardhat,White
5147,Org Hardhat,White
5161,Org Hardhat,White
5163,Org Hardhat,White
5164,Org Hardhat,White
5166,Org Hardhat,White
5197,Org Hardhat,White
5198,Org Hardhat,White
5250,Org Hardhat,White
5251,Org Hardhat,White
5254,Org Hardhat,White
5255,Org Hardhat,White
5259,Org Hardhat,White
5280,Org Hardhat,White
5281,Org Hardhat,White
5284,Org Hardhat,White
5285,Org Hardhat,White
5286,Org Hardhat,White
5287,Org Hardhat,White
5289,Org Hardhat,White
5290,Org Hardhat,White
5291,Org Hardhat,White
5293,Org Hardhat,White
5294,Org Hardhat,White
5304,Org Hardhat,White
5315,Org Hardhat,White
5316,Org Hardhat,White
5319,Org Hardhat,White
5321,Org Hardhat,White
5333,Org Hardhat,White
5334,Org Hardhat,White
5335,Org Hardhat,White
5336,Org Hardhat,White
5337,Org Hardhat,White
5338,Org Hardhat,White
5339,Org Hardhat,White
5340,Org Hardhat,White
5341,Org Hardhat,White
5342,Org Hardhat,White
5351,Org Hardhat,White
5352,Org Hardhat,White
5354,Org Hardhat,White
5355,Org Hardhat,White
5357,Org Hardhat,White
5358,Org Hardhat,White
5359,Org Hardhat,White
5360,Org Hardhat,White
5361,Org Hardhat,White
5362,Org Hardhat,White
5363,Org Hardhat,White
5364,Org Hardhat,White
5365,Org Hardhat,White
5366,Org Hardhat,White
5367,Org Hardhat,White
5368,Org Hardhat,White
5370,Org Hardhat,White
5371,Org Hardhat,White
5372,Org Hardhat,White
5373,Org Hardhat,White
5374,Org Hardhat,White
5375,Org Hardhat,White
5376,Org Hardhat,White
5377,Org Hardhat,White
5378,Org Hardhat,White
5379,Org Hardhat,White
5380,Org Hardhat,White
5381,Org Hardhat,White
5382,Org Hardhat,White
5383,Org Hardhat,White
5384,Org Hardhat,White
5387,Org Hardhat,White
5390,Org Hardhat,White
5391,Org Hardhat,White
5392,Org Hardhat,White
5393,Org Hardhat,White
5394,Org Hardhat,White
5395,Org Hardhat,White
5396,Org Hardhat,White
5398,Org Hardhat,White
5399,Org Hardhat,White
5400,Org Hardhat,White
5413,Org Hardhat,White
5414,Org Hardhat,White
5415,Org Hardhat,White
5416,Org Hardhat,White
5418,Org Hardhat,White
5419,Org Hardhat,White
5420,Org Hardhat,White
5422,Org Hardhat,White
5423,Org Hardhat,White
5425,Org Hardhat,White
5426,Org Hardhat,White
5427,Org Hardhat,White
5428,Org Hardhat,White
5429,Org Hardhat,White
5431,Org Hardhat,White
5433,Org Hardhat,White
5434,Org Hardhat,White
5435,Org Hardhat,White
5436,Org Hardhat,White
5437,Org Hardhat,White
5438,Org Hardhat,White
5439,Org Hardhat,White
5441,Org Hardhat,White
5443,Org Hardhat,White
5444,Org Hardhat,White
5446,Org Hardhat,White
5447,Org Hardhat,White
5448,Org Hardhat,White
5449,Org Hardhat,White
5478,Org Hardhat,White
5503,Org Hardhat,White
5504,Org Hardhat,White
5505,Org Hardhat,White
5506,Org Hardhat,White
5507,Org Hardhat,White
5508,Org Hardhat,White
10035,Org Hardhat,White
10036,Org Hardhat,White
10038,Org Hardhat,White
10039,Org Hardhat,White
10040,Org Hardhat,White
10043,Org Hardhat,White
10044,Org Hardhat,White
10045,Org Hardhat,White
10046,Org Hardhat,White
10048,Org Hardhat,White
10049,Org Hardhat,White
10050,Org Hardhat,White
10053,Org Hardhat,White
10054,Org Hardhat,White
10055,Org Hardhat,White
10056,Org Hardhat,White
10058,Org Hardhat,White
10059,Org Hardhat,White
10060,Org Hardhat,White
10061,Org Hardhat,White
10062,Org Hardhat,White
10063,Org Hardhat,White
10064,Org Hardhat,White
10065,Org Hardhat,White
10066,Org Hardhat,White
10067,Org Hardhat,White
10068,Org Hardhat,White
10069,Org Hardhat,White
10070,Org Hardhat,White
10071,Org Hardhat,White
10072,Org Hardhat,White
10073,Org Hardhat,White
10074,Org Hardhat,White
10075,Org Hardhat,White
10076,Org Hardhat,White
10077,Org Hardhat,White
10078,Org Hardhat,White
10079,Org Hardhat,White
10080,Org Hardhat,White
10084,Org Hardhat,White
10085,Org Hardhat,White
10087,Org Hardhat,White
10088,Org Hardhat,White
10092,Org Hardhat,White
10093,Org Hardhat,White
10094,Org Hardhat,White
10095,Org Hardhat,White
10096,Org Hardhat,White
10098,Org Hardhat,White
10099,Org Hardhat,White
10101,Org Hardhat,White
10102,Org Hardhat,White
10103,Org Hardhat,White
10104,Org Hardhat,White
10105,Org Hardhat,White
10106,Org Hardhat,White
10107,Org Hardhat,White
10108,Org Hardhat,White
10109,Org Hardhat,White
10110,Org Hardhat,White
10112,Org Hardhat,White
10114,Org Hardhat,White
10115,Org Hardhat,White
10116,Org Hardhat,White
10118,Org Hardhat,White
10120,Org Hardhat,White
10122,Org Hardhat,White
10123,Org Hardhat,White
10125,Org Hardhat,White
10126,Org Hardhat,White
10127,Org Hardhat,White
10128,Org Hardhat,White
10129,Org Hardhat,White
10131,Org Hardhat,White
10132,Org Hardhat,White
10133,Org Hardhat,White
10135,Org Hardhat,White
10136,Org Hardhat,White
10137,Org Hardhat,White
10140,Org Hardhat,White
10141,Org Hardhat,White
10142,Org Hardhat,White
10144,Org Hardhat,White
10145,Org Hardhat,White
10146,Org Hardhat,White
10147,Org Hardhat,White
10150,Org Hardhat,White
10151,Org Hardhat,White
10152,Org Hardhat,White
10154,Org Hardhat,White
10155,Org Hardhat,White
10156,Org Hardhat,White
10157,Org Hardhat,White
10158,Org Hardhat,White
10159,Org Hardhat,White
10160,Org Hardhat,White
10161,Org Hardhat,White
10162,Org Hardhat,White
10163,Org Hardhat,White
10165,Org Hardhat,White
10167,Org Hardhat,White
10168,Org Hardhat,White
10171,Org Hardhat,White
10172,Org Hardhat,White
10173,Org Hardhat,White
10174,Org Hardhat,White
10175,Org Hardhat,White
10176,Org Hardhat,White
10177,Org Hardhat,White
10178,Org Hardhat,White
10179,Org Hardhat,White
10181,Org Hardhat,White
10182,Org Hardhat,White
10183,Org Hardhat,White
10185,Org Hardhat,White
10186,Org Hardhat,White
10188,Org Hardhat,White
10189,Org Hardhat,White
10190,Org Hardhat,White
10240,Org Hardhat,White
10241,Org Hardhat,White
10242,Org Hardhat,White
10243,Org Hardhat,White
10244,Org Hardhat,White
10245,Org Hardhat,White
10246,Org Hardhat,White
10247,Org Hardhat,White
10248,Org Hardhat,White
10250,Org Hardhat,White
10251,Org Hardhat,White
10252,Org Hardhat,White
10253,Org Hardhat,White
10254,Org Hardhat,White
10255,Org Hardhat,White
10258,Org Hardhat,White
10260,Org Hardhat,White
10261,Org Hardhat,White
10262,Org Hardhat,White
10263,Org Hardhat,White
10266,Org Hardhat,White
10267,Org Hardhat,White
10267,Org Hardhat,White
11000,Org Hardhat,White
11003,Org Hardhat,White
11004,Org Hardhat,White
11005,Org Hardhat,White
11009,Org Hardhat,White
11013,Org Hardhat,White
11014,Org Hardhat,White
11018,Org Hardhat,White
11019,Org Hardhat,White
11021,Org Hardhat,White
11022,Org Hardhat,White
11024,Org Hardhat,White
11025,Org Hardhat,White
11026,Org Hardhat,White
11027,Org Hardhat,White
11029,Org Hardhat,White
11031,Org Hardhat,White
11032,Org Hardhat,White
11035,Org Hardhat,White
11036,Org Hardhat,White
11037,Org Hardhat,White
11038,Org Hardhat,White
11039,Org Hardhat,White
11040,Org Hardhat,White
11045,Org Hardhat,White
11047,Org Hardhat,White
11048,Org Hardhat,White
11054,Org Hardhat,White
11055,Org Hardhat,White
11076,Org Hardhat,White
11090,Org Hardhat,White
11093,Org Hardhat,White
11098,Org Hardhat,White
11100,Org Hardhat,White
11101,Org Hardhat,White
11102,Org Hardhat,White
11103,Org Hardhat,White
11104,Org Hardhat,White
11118,Org Hardhat,White
11119,Org Hardhat,White
11120,Org Hardhat,White
11121,Org Hardhat,White
11122,Org Hardhat,White
11123,Org Hardhat,White
11124,Org Hardhat,White
11125,Org Hardhat,White
11129,Org Hardhat,White
11130,Org Hardhat,White
11131,Org Hardhat,White
11133,Org Hardhat,White
11139,Org Hardhat,White
11140,Org Hardhat,White
11141,Org Hardhat,White
11142,Org Hardhat,White
11143,Org Hardhat,White
11144,Org Hardhat,White
11145,Org Hardhat,White
11146,Org Hardhat,White
11147,Org Hardhat,White
11149,Org Hardhat,White
11154,Org Hardhat,White
11158,Org Hardhat,White
11159,Org Hardhat,White
11160,Org Hardhat,White
11161,Org Hardhat,White
11163,Org Hardhat,White
11164,Org Hardhat,White
11166,Org Hardhat,White
11167,Org Hardhat,White
11168,Org Hardhat,White
11170,Org Hardhat,White
11172,Org Hardhat,White
11173,Org Hardhat,White
11175,Org Hardhat,White
11176,Org Hardhat,White
11177,Org Hardhat,White
11179,Org Hardhat,White
11180,Org Hardhat,White
11181,Org Hardhat,White
11182,Org Hardhat,White
11186,Org Hardhat,White
11192,Org Hardhat,White
11194,Org Hardhat,White
11196,Org Hardhat,White
11197,Org Hardhat,White
11198,Org Hardhat,White
11199,Org Hardhat,White
11200,Org Hardhat,White
11201,Org Hardhat,White
11202,Org Hardhat,White
11204,Org Hardhat,White
11209,Org Hardhat,White
11210,Org Hardhat,White
11215,Org Hardhat,White
11217,Org Hardhat,White
11218,Org Hardhat,White
11219,Org Hardhat,White
11220,Org Hardhat,White
11221,Org Hardhat,White
11223,Org Hardhat,White
11226,Org Hardhat,White
11228,Org Hardhat,White
11234,Org Hardhat,White
11235,Org Hardhat,White
11236,Org Hardhat,White
11238,Org Hardhat,White
11239,Org Hardhat,White
11240,Org Hardhat,White
11241,Org Hardhat,White
11242,Org Hardhat,White
11244,Org Hardhat,White
11245,Org Hardhat,White
11246,Org Hardhat,White
11248,Org Hardhat,White
11249,Org Hardhat,White
11250,Org Hardhat,White
11251,Org Hardhat,White
11253,Org Hardhat,White
11258,Org Hardhat,White
11261,Org Hardhat,White
11264,Org Hardhat,White
11265,Org Hardhat,White
11267,Org Hardhat,White
11268,Org Hardhat,White
11269,Org Hardhat,White
11272,Org Hardhat,White
11273,Org Hardhat,White
11276,Org Hardhat,White
11280,Org Hardhat,White
11281,Org Hardhat,White
11282,Org Hardhat,White
11283,Org Hardhat,White
11284,Org Hardhat,White
11286,Org Hardhat,White
11287,Org Hardhat,White
11288,Org Hardhat,White
11292,Org Hardhat,White
11299,Org Hardhat,White
11301,Org Hardhat,White
11302,Org Hardhat,White
11303,Org Hardhat,White
11305,Org Hardhat,White
11306,Org Hardhat,White
11309,Org Hardhat,White
11310,Org Hardhat,White
11313,Org Hardhat,White
11314,Org Hardhat,White
11318,Org Hardhat,White
11319,Org Hardhat,White
11320,Org Hardhat,White
11321,Org Hardhat,White
11322,Org Hardhat,White
11326,Org Hardhat,White
11329,Org Hardhat,White
11330,Org Hardhat,White
11331,Org Hardhat,White
11333,Org Hardhat,White
11334,Org Hardhat,White
11335,Org Hardhat,White
11336,Org Hardhat,White
11337,Org Hardhat,White
11339,Org Hardhat,White
11340,Org Hardhat,White
11341,Org Hardhat,White
11342,Org Hardhat,White
11343,Org Hardhat,White
11344,Org Hardhat,White
11345,Org Hardhat,White
11346,Org Hardhat,White
11348,Org Hardhat,White
11349,Org Hardhat,White
11350,Org Hardhat,White
11351,Org Hardhat,White
11355,Org Hardhat,White
11356,Org Hardhat,White
11357,Org Hardhat,White
11361,Org Hardhat,White
11362,Org Hardhat,White
11364,Org Hardhat,White
11365,Org Hardhat,White
11366,Org Hardhat,White
11367,Org Hardhat,White
11368,Org Hardhat,White
11371,Org Hardhat,White
11372,Org Hardhat,White
11373,Org Hardhat,White
11375,Org Hardhat,White
11378,Org Hardhat,White
11380,Org Hardhat,White
11381,Org Hardhat,White
11383,Org Hardhat,White
11384,Org Hardhat,White
11386,Org Hardhat,White
11387,Org Hardhat,White
11388,Org Hardhat,White
11389,Org Hardhat,White
11391,Org Hardhat,White
11392,Org Hardhat,White
11393,Org Hardhat,White
11394,Org Hardhat,White
11395,Org Hardhat,White
11396,Org Hardhat,White
11397,Org Hardhat,White
11398,Org Hardhat,White
11401,Org Hardhat,White
11402,Org Hardhat,White
11403,Org Hardhat,White
11406,Org Hardhat,White
11407,Org Hardhat,White
11408,Org Hardhat,White
11409,Org Hardhat,White
11410,Org Hardhat,White
11411,Org Hardhat,White
11412,Org Hardhat,White
11413,Org Hardhat,White
11414,Org Hardhat,White
11415,Org Hardhat,White
11416,Org Hardhat,White
11417,Org Hardhat,White
11418,Org Hardhat,White
11419,Org Hardhat,White
11421,Org Hardhat,White
11422,Org Hardhat,White
11423,Org Hardhat,White
11425,Org Hardhat,White
11426,Org Hardhat,White
11430,Org Hardhat,White
11431,Org Hardhat,White
11434,Org Hardhat,White
11436,Org Hardhat,White
11438,Org Hardhat,White
11439,Org Hardhat,White
11440,Org Hardhat,White
11442,Org Hardhat,White
11443,Org Hardhat,White
11444,Org Hardhat,White
11446,Org Hardhat,White
11447,Org Hardhat,White
11448,Org Hardhat,White
11449,Org Hardhat,White
11451,Org Hardhat,White
11452,Org Hardhat,White
11453,Org Hardhat,White
11454,Org Hardhat,White
11456,Org Hardhat,White
11457,Org Hardhat,White
11458,Org Hardhat,White
11460,Org Hardhat,White
11462,Org Hardhat,White
11463,Org Hardhat,White
11464,Org Hardhat,White
11466,Org Hardhat,White
11467,Org Hardhat,White
11468,Org Hardhat,White
11469,Org Hardhat,White
11470,Org Hardhat,White
11471,Org Hardhat,White
11472,Org Hardhat,White
11476,Org Hardhat,White
11477,Org Hardhat,White
11478,Org Hardhat,White
11479,Org Hardhat,White
11480,Org Hardhat,White
11481,Org Hardhat,White
11482,Org Hardhat,White
11483,Org Hardhat,White
11484,Org Hardhat,White
11485,Org Hardhat,White
11486,Org Hardhat,White
11487,Org Hardhat,White
11488,Org Hardhat,White
11490,Org Hardhat,White
11492,Org Hardhat,White
11493,Org Hardhat,White
11494,Org Hardhat,White
11495,Org Hardhat,White
11496,Org Hardhat,White
11497,Org Hardhat,White
11498,Org Hardhat,White
11499,Org Hardhat,White
11500,Org Hardhat,White
11502,Org Hardhat,White
11503,Org Hardhat,White
11504,Org Hardhat,White
11505,Org Hardhat,White
11506,Org Hardhat,White
11507,Org Hardhat,White
11508,Org Hardhat,White
11509,Org Hardhat,White
11510,Org Hardhat,White
11511,Org Hardhat,White
11512,Org Hardhat,White
11513,Org Hardhat,White
11514,Org Hardhat,White
11515,Org Hardhat,White
11516,Org Hardhat,White
11517,Org Hardhat,White
11518,Org Hardhat,White
11520,Org Hardhat,White
11521,Org Hardhat,White
11522,Org Hardhat,White
11524,Org Hardhat,White
11525,Org Hardhat,White
11526,Org Hardhat,White
11527,Org Hardhat,White
11528,Org Hardhat,White
11529,Org Hardhat,White
11532,Org Hardhat,White
11533,Org Hardhat,White
11534,Org Hardhat,White
11535,Org Hardhat,White
11536,Org Hardhat,White
11537,Org Hardhat,White
11538,Org Hardhat,White
11539,Org Hardhat,White
11540,Org Hardhat,White
11541,Org Hardhat,White
11542,Org Hardhat,White
11543,Org Hardhat,White
11545,Org Hardhat,White
11547,Org Hardhat,White
11548,Org Hardhat,White
11549,Org Hardhat,White
11550,Org Hardhat,White
11551,Org Hardhat,White
11552,Org Hardhat,White
11553,Org Hardhat,White
11554,Org Hardhat,White
11555,Org Hardhat,White
11556,Org Hardhat,White
11558,Org Hardhat,White
11559,Org Hardhat,White
11560,Org Hardhat,White
11562,Org Hardhat,White
11563,Org Hardhat,White
11565,Org Hardhat,White
11566,Org Hardhat,White
11567,Org Hardhat,White
11569,Org Hardhat,White
11570,Org Hardhat,White
11571,Org Hardhat,White
11572,Org Hardhat,White
11575,Org Hardhat,White
11578,Org Hardhat,White
11579,Org Hardhat,White
11581,Org Hardhat,White
11582,Org Hardhat,White
11583,Org Hardhat,White
11584,Org Hardhat,White
11585,Org Hardhat,White
11586,Org Hardhat,White
11587,Org Hardhat,White
11588,Org Hardhat,White
11589,Org Hardhat,White
11590,Org Hardhat,White
11591,Org Hardhat,White
11593,Org Hardhat,White
11594,Org Hardhat,White
11595,Org Hardhat,White
11596,Org Hardhat,White
11598,Org Hardhat,White
11599,Org Hardhat,White
11600,Org Hardhat,White
11601,Org Hardhat,White
11603,Org Hardhat,White
11604,Org Hardhat,White
11605,Org Hardhat,White
11606,Org Hardhat,White
11609,Org Hardhat,White
11610,Org Hardhat,White
11612,Org Hardhat,White
11614,Org Hardhat,White
11615,Org Hardhat,White
11616,Org Hardhat,White
11617,Org Hardhat,White
11619,Org Hardhat,White
11620,Org Hardhat,White
11621,Org Hardhat,White
11622,Org Hardhat,White
11623,Org Hardhat,White
11624,Org Hardhat,White
11625,Org Hardhat,White
11627,Org Hardhat,White
11628,Org Hardhat,White
11629,Org Hardhat,White
11630,Org Hardhat,White
11632,Org Hardhat,White
11633,Org Hardhat,White
11634,Org Hardhat,White
11635,Org Hardhat,White
11636,Org Hardhat,White
11637,Org Hardhat,White
11638,Org Hardhat,White
11639,Org Hardhat,White
11640,Org Hardhat,White
11641,Org Hardhat,White
11642,Org Hardhat,White
11643,Org Hardhat,White
11644,Org Hardhat,White
11645,Org Hardhat,White
11646,Org Hardhat,White
11647,Org Hardhat,White
11648,Org Hardhat,White
11649,Org Hardhat,White
11650,Org Hardhat,White
11652,Org Hardhat,White
11653,Org Hardhat,White
11655,Org Hardhat,White
11657,Org Hardhat,White
11658,Org Hardhat,White
11659,Org Hardhat,White
11660,Org Hardhat,White
11663,Org Hardhat,White
11664,Org Hardhat,White
11665,Org Hardhat,White
11666,Org Hardhat,White
11667,Org Hardhat,White
11668,Org Hardhat,White
11669,Org Hardhat,White
11671,Org Hardhat,White
11672,Org Hardhat,White
11673,Org Hardhat,White
11674,Org Hardhat,White
11676,Org Hardhat,White
11677,Org Hardhat,White
11678,Org Hardhat,White
11679,Org Hardhat,White
11682,Org Hardhat,White
11683,Org Hardhat,White
11684,Org Hardhat,White
11687,Org Hardhat,White
11688,Org Hardhat,White
11689,Org Hardhat,White
11691,Org Hardhat,White
11692,Org Hardhat,White
11694,Org Hardhat,White
11695,Org Hardhat,White
11696,Org Hardhat,White
11700,Org Hardhat,White
11701,Org Hardhat,White
11702,Org Hardhat,White
11950,Org Hardhat,White
11951,Org Hardhat,White
11952,Org Hardhat,White
11953,Org Hardhat,White
11954,Org Hardhat,White
11955,Org Hardhat,White
11957,Org Hardhat,White
11958,Org Hardhat,White
11959,Org Hardhat,White
11960,Org Hardhat,White
11961,Org Hardhat,White
11962,Org Hardhat,White
11963,Org Hardhat,White
11966,Org Hardhat,White
11967,Org Hardhat,White
11968,Org Hardhat,White
11969,Org Hardhat,White
11970,Org Hardhat,White
11971,Org Hardhat,White
11972,Org Hardhat,White
11973,Org Hardhat,White
11974,Org Hardhat,White
11976,Org Hardhat,White
11977,Org Hardhat,White
11978,Org Hardhat,White
11980,Org Hardhat,White
11982,Org Hardhat,White
11985,Org Hardhat,White
11986,Org Hardhat,White
11987,Org Hardhat,White
11988,Org Hardhat,White
11989,Org Hardhat,White
11990,Org Hardhat,White
11991,Org Hardhat,White
11992,Org Hardhat,White
11993,Org Hardhat,White
11996,Org Hardhat,White
11998,Org Hardhat,White
11999,Org Hardhat,White
12651,Org Hardhat,White
13370,Org Hardhat,White
14424,Org Hardhat,White
14474,Org Hardhat,White
11770,SCC Hardhat,Blue
3752,SCC Hardhat,Blue
11772,SCC Hardhat,Blue
10268,SCC Hardhat,Blue
11779,SCC Hardhat,Blue
5549,SCC Hardhat,Blue
11782,SCC Hardhat,Blue
11778,SCC Hardhat,Blue
3334,SCC Hardhat,Blue
3303,SCC Hardhat,Blue
3311,SCC Hardhat,Blue
3409,SCC Hardhat,Blue
3417,SCC Hardhat,Blue
3740,SCC Hardhat,Blue
3419,SCC Hardhat,Blue
5509,SCC Hardhat,Blue
3336,SCC Hardhat,Blue
3416,SCC Hardhat,Blue
3426,SCC Hardhat,Blue