andrewid,organization,title,binder_admin,booth_chair
aperley,Spring Carnival Committee,Head of Booth,TRUE,TRUE
asgreen,Spring Carnival Committee,Advisor,,TRUE
hkoschme,Spring Carnival Committee,Co-Chair,TRUE,TRUE
lgalvan,Spring Carnival Committee,Head of Entertainment,,TRUE
ryerzhan,Spring Carnival Committee,Head of Operations,,TRUE
swu1,Spring Carnival Committee,Head of Marketing,,TRUE
saclark,Spring Carnival Committee,Co-Chair,TRUE,TRUE
zileig,Spring Carnival Committee,Treasurer,TRUE,TRUE
okg,Spring Carnival Committee,Booth,,
ahimmelr,Spring Carnival Committee,Booth,,
oseavy,Spring Carnival Committee,Booth,,
rwjang,Spring Carnival Committee,Booth,,
kaiyiny,Spring Carnival Committee,Booth,,
tparenti,Spring Carnival Committee,Operations,,
meribyte,Spring Carnival Committee,"Operations, Golfcarts",TRUE,
jlareau,Spring Carnival Committee,Operations,,
egarbade,Spring Carnival Committee,"Operations, Golfcarts",,
msiko,Spring Carnival Committee,Telecom,,
aarohip,Spring Carnival Committee,Operations,,
asmui,Spring Carnival Committee,Operations,,
ahebbar,Spring Carnival Committee,"Operations, Entertainment",,
agotsis,Spring Carnival Committee,Head of Electrical,,
agyang,Spring Carnival Committee,Operations,,
ayang1,Spring Carnival Committee,Operations,,
auy,Spring Carnival Committee,Electrical,,
ccollive,Spring Carnival Committee,Operations,,
epnewman,Spring Carnival Committee,Electrical,,
etrich,Spring Carnival Committee,Electrical,,
hgronlun,Spring Carnival Committee,Operations,,
slakshma,Spring Carnival Committee,Operations,,
jsshen,Spring Carnival Committee,Operations,,
jiacobel,Spring Carnival Committee,"Operations, Booth",,
lbressle,Spring Carnival Committee,Electrical,,
mlrednor,Spring Carnival Committee,Operations,,
mzhu3,Spring Carnival Committee,Operations,,
siqig,Spring Carnival Committee,Operations,,
sbala,Spring Carnival Committee,Operations,,
schidamb,Spring Carnival Committee,Operations,,
vzz,Spring Carnival Committee,Operations,,
vkalinov,Spring Carnival Committee,Operations,,
vlugo,Spring Carnival Committee,Operations,,
yingyiny,Spring Carnival Committee,Operations,,
zsolan,Spring Carnival Committee,Operations,,
rnchowdh,Spring Carnival Committee,Operations,,
kehuiz,Spring Carnival Committee,Operations,,
asmui,Alpha Phi Omega,,,
aod,Alpha Phi Omega,,,
aaanand,Alpha Phi Omega,,,
abainbri,Alpha Phi Omega,,,
afgao,Alpha Phi Omega,,,
hooi,Alpha Phi Omega,,,
ason,Alpha Phi Omega,,,
aduffy,Alpha Phi Omega,,,
tzt,Alpha Phi Omega,,,
brandonf,Alpha Phi Omega,,,
christiz,Alpha Phi Omega,,,
cfourake,Alpha Phi Omega,,,
dbang,Alpha Phi Omega,,,
ddlee,Alpha Phi Omega,,,
eunicec1,Alpha Phi Omega,,,
gschwaba,Alpha Phi Omega,,,
gyx,Alpha Phi Omega,,,
haoc1,Alpha Phi Omega,,,
hranade,Alpha Phi Omega,,,
jjeong1,Alpha Phi Omega,,,
jjo1,Alpha Phi Omega,,,
jsong2,Alpha Phi Omega,,,
jzhuge,Alpha Phi Omega,,,
jagarvey,Alpha Phi Omega,,,
elinvill,Alpha Phi Omega,,,
jpaniagu,Alpha Phi Omega,,,
julielin,Alpha Phi Omega,,,
klbowman,Alpha Phi Omega,,,
kchoy1,Alpha Phi Omega,,,
kdiaz,Alpha Phi Omega,,,
lkenny,Alpha Phi Omega,,,
lemontgo,Alpha Phi Omega,,,
lsong1,Alpha Phi Omega,,,
ltan1,Alpha Phi Omega,,,
lawrench,Alpha Phi Omega,,,
lxm,Alpha Phi Omega,,,
lyc1,Alpha Phi Omega,,,
ldq,Alpha Phi Omega,,,
madelinm,Alpha Phi Omega,,,
msafy,Alpha Phi Omega,,,
maxinek,Alpha Phi Omega,,,
mtsang1,Alpha Phi Omega,,,
minjic,Alpha Phi Omega,,,
msint,Alpha Phi Omega,,,
npeterso,Alpha Phi Omega,,,
pbays,Alpha Phi Omega,,,
rchun,Alpha Phi Omega,,,
rhoh,Alpha Phi Omega,,,
rusnay,Alpha Phi Omega,,,
rowenaf,Alpha Phi Omega,,,
ruih1,Alpha Phi Omega,,,
sct1,Alpha Phi Omega,,,
ssidique,Alpha Phi Omega,,,
sooyouna,Alpha Phi Omega,,,
mgshin,Alpha Phi Omega,,,
skyou,Alpha Phi Omega,,,
kswells,Alpha Phi Omega,,,
stevengu,Alpha Phi Omega,,,
sungjunh,Alpha Phi Omega,,,
sbboyd,Alpha Phi Omega,,,
sataylor,Alpha Phi Omega,,,
terryk1,Alpha Phi Omega,,,
tianyua1,Alpha Phi Omega,,,
ooladipo,Alpha Phi Omega,,,
vzhou,Alpha Phi Omega,,,
vhe1,Alpha Phi Omega,,,
wtchang,Alpha Phi Omega,,,
yilieva,Alpha Phi Omega,,,
yeonjuk,Alpha Phi Omega,,,
yiyangg,Alpha Phi Omega,,,
yoojinl,Alpha Phi Omega,,,
azlu,Alpha Phi Omega,,,
acmontgo,Alpha Phi Omega,,,
ashleywa,Alpha Phi Omega,,,
cjye,Alpha Phi Omega,,,
emmal,Alpha Phi Omega,,,
mhahm,Alpha Phi Omega,,,
mirray,Alpha Phi Omega,,,
rnasim,Alpha Phi Omega,,,
swwong,Alpha Phi Omega,,,
avythees,Alpha Phi Omega,,,
ayeheyis,Alpha Phi Omega,,,
ayuan1,Alpha Phi Omega,,,
yearimm,Alpha Phi Omega,,,
binruz,Alpha Phi Omega,,,
aycai,Alpha Phi Omega,,,
atopacio,Alpha Phi Omega,,,
afebrill,Alpha Phi Omega,,,
agao,Alpha Phi Omega,,,
ayqiu,Alpha Phi Omega,,,
awwong,Alpha Phi Omega,,,
barunk,Alpha Phi Omega,,,
bcchu,Alpha Phi Omega,,,
bahuang,Alpha Phi Omega,,,
bjtao,Alpha Phi Omega,,,
catherik,Alpha Phi Omega,,,
cjhin,Alpha Phi Omega,,,
cp1,Alpha Phi Omega,,,
cdi,Alpha Phi Omega,,,
christi4,Alpha Phi Omega,,,
cshao1,Alpha Phi Omega,,,
cjchen2,Alpha Phi Omega,,,
dlei,Alpha Phi Omega,,,
denisel1,Alpha Phi Omega,,,
dianali,Alpha Phi Omega,,,
ellies,Alpha Phi Omega,,,
zhehaoq,Alpha Phi Omega,,,
gek,Alpha Phi Omega,,,
hanyuj,Alpha Phi Omega,,,
hayeonk,Alpha Phi Omega,,,
hjli,Alpha Phi Omega,,,
hyejunk,Alpha Phi Omega,,,
huazhis,Alpha Phi Omega,,,
ichow,Alpha Phi Omega,,,
jaekunk,Alpha Phi Omega,,,
jydeng,Alpha Phi Omega,,,
jzliao,Alpha Phi Omega,,,
jdiep,Alpha Phi Omega,,,
jshuang,Alpha Phi Omega,,,
jennyp,Alpha Phi Omega,,,
jhxue,Alpha Phi Omega,,,
jchang4,Alpha Phi Omega,,,
jknip,Alpha Phi Omega,,,
jiheek1,Alpha Phi Omega,,,
jinheel1,Alpha Phi Omega,,,
jiwonc1,Alpha Phi Omega,,,
jkim4,Alpha Phi Omega,,,
joannele,Alpha Phi Omega,,,
jsying,Alpha Phi Omega,,,
jhk2,Alpha Phi Omega,,,
dayounga,Alpha Phi Omega,,,
jokoro,Alpha Phi Omega,,,
karenkim,Alpha Phi Omega,,,
kbregna,Alpha Phi Omega,,,
xhuang1,Alpha Phi Omega,,,
lawrencc,Alpha Phi Omega,,,
tsheng,Alpha Phi Omega,,,
marisal,Alpha Phi Omega,,,
mkim4,Alpha Phi Omega,,,
mzhu1,Alpha Phi Omega,,,
mvenezia,Alpha Phi Omega,,,
mgraesse,Alpha Phi Omega,,,
rishavch,Alpha Phi Omega,,,
nelsonw,Alpha Phi Omega,,,
joohyeuy,Alpha Phi Omega,,,
nepark,Alpha Phi Omega,,,
pbannai,Alpha Phi Omega,,,
pbelsey,Alpha Phi Omega,,,
rkalva,Alpha Phi Omega,,,
raahuls,Alpha Phi Omega,,,
rnakamur,Alpha Phi Omega,,,
rsp1,Alpha Phi Omega,,,
quchenz,Alpha Phi Omega,,,
rwjang,Alpha Phi Omega,,,
rnlee,Alpha Phi Omega,,,
salonis,Alpha Phi Omega,,,
sli1,Alpha Phi Omega,,,
sarahk1,Alpha Phi Omega,,,
yoojins,Alpha Phi Omega,,,
syw1,Alpha Phi Omega,,,
sarikab,Alpha Phi Omega,,,
sasikalm,Alpha Phi Omega,,,
slu2,Alpha Phi Omega,,,
dayoungl,Alpha Phi Omega,,,
szhou1,Alpha Phi Omega,,,
sbao,Alpha Phi Omega,,,
sunmink,Alpha Phi Omega,,,
susiel,Alpha Phi Omega,,,
tkakkana,Alpha Phi Omega,,,
thlai,Alpha Phi Omega,,,
tristanm,Alpha Phi Omega,,,
tushitag,Alpha Phi Omega,,,
vev,Alpha Phi Omega,,,
ychee,Alpha Phi Omega,,,
yoonyouk,Alpha Phi Omega,,,
xinm,Alpha Phi Omega,,,
abhanda1,Alpha Phi Omega,,,
alyssal,Alpha Phi Omega,,,
amyliu,Alpha Phi Omega,,,
annabell,Alpha Phi Omega,,,
bbauer1,Alpha Phi Omega,,,
bweng,Alpha Phi Omega,,,
cyn,Alpha Phi Omega,,,
eileenl1,Alpha Phi Omega,,,
emilyw1,Alpha Phi Omega,,,
ealbergo,Alpha Phi Omega,,,
hannahs,Alpha Phi Omega,,,
hchoikim,Alpha Phi Omega,,,
ichiu,Alpha Phi Omega,,,
jyzhao,Alpha Phi Omega,,,
jnwong,Alpha Phi Omega,,,
kbalenza,Alpha Phi Omega,,,
Melindaw,Alpha Phi Omega,,,
mzhu3,Alpha Phi Omega,,,
mhamilt1,Alpha Phi Omega,,,
minjik2,Alpha Phi Omega,,,
rnchowdh,Alpha Phi Omega,,,
schinn,Alpha Phi Omega,,,
smiyauch,Alpha Phi Omega,,,
shayang,Alpha Phi Omega,,,
smoron,Alpha Phi Omega,,,
thomasw1,Alpha Phi Omega,,,
wjiao,Alpha Phi Omega,,,
wgradise,Alpha Phi Omega,,,
zbp,Alpha Phi Omega,,,
zteoh,Alpha Phi Omega,,,
prathi,Alpha Phi Omega,,,TRUE
emaynard,Alpha Phi Omega,,,TRUE
sglennon,Alpha Phi Omega,,,TRUE
jungjinl,Alpha Phi Omega,,,TRUE
struong,Alpha Phi,,,TRUE
ccano,Alpha Phi,,,TRUE
zmccandl,Alpha Phi,,,TRUE
caseywon,Alpha Phi,,,TRUE
keanders,Alpha Phi,,,
jaallen,Alpha Phi,,,
sbattagl,Alpha Phi,,,
sbelani,Alpha Phi,,,
gbettino,Alpha Phi,,,
ablack1,Alpha Phi,,,
kbloomqu,Alpha Phi,,,
kbuford,Alpha Phi,,,
soc,Alpha Phi,,,
sophiec,Alpha Phi,,,
sconstan,Alpha Phi,,,
maitreyd,Alpha Phi,,,
rdhumne,Alpha Phi,,,
aditomma,Alpha Phi,,,
adoncell,Alpha Phi,,,
tiand,Alpha Phi,,,
aelliott,Alpha Phi,,,
aaevans,Alpha Phi,,,
efulller,Alpha Phi,,,
lganser,Alpha Phi,,,
agilson,Alpha Phi,,,
lglick,Alpha Phi,,,
zhaskell,Alpha Phi,,,
khofmann,Alpha Phi,,,
ehoskins,Alpha Phi,,,
ghou,Alpha Phi,,,
showard,Alpha Phi,,,
sjagtian,Alpha Phi,,,
gcjin,Alpha Phi,,,
carlyj,Alpha Phi,,,
saachik,Alpha Phi,,,
ckiker,Alpha Phi,,,
aklenk,Alpha Phi,,,
vkubyshk,Alpha Phi,,,
elazarev,Alpha Phi,,,
jennife5,Alpha Phi,,,
glumaj,Alpha Phi,,,
glmanche,Alpha Phi,,,
rmandal,Alpha Phi,,,
amandrac,Alpha Phi,,,
smarquis,Alpha Phi,,,
simayer,Alpha Phi,,,
emelillo,Alpha Phi,,,
lmorgent,Alpha Phi,,,
anavada,Alpha Phi,,,
gmo,Alpha Phi,,,
gpalmier,Alpha Phi,,,
amyp1,Alpha Phi,,,
nepark,Alpha Phi,,,
bpellon,Alpha Phi,,,
apfingsten,Alpha Phi,,,
aquiroz,Alpha Phi,,,
vmramon,Alpha Phi,,,
mranta,Alpha Phi,,,
alrao,Alpha Phi,,,
nrazek,Alpha Phi,,,
mreager,Alpha Phi,,,
srunke,Alpha Phi,,,
scanloncassie,Alpha Phi,,,
eschenke,Alpha Phi,,,
sshaheen,Alpha Phi,,,
jesinger,Alpha Phi,,,
msmyk,Alpha Phi,,,
asoyk,Alpha Phi,,,
aspikes,Alpha Phi,,,
stephanw,Alpha Phi,,,
minniew,Alpha Phi,,,
vyam,Alpha Phi,,,
kaiyiny,Alpha Phi,,,
myeakel,Alpha Phi,,,
ezhu1,Math Club,,,TRUE
ehaney,Math Club,,,TRUE
agyang,Math Club,,,
andrewc3,Math Club,,,
apallen,Math Club,,,
axe,Math Club,,,
chelseaw,Math Club,,,
cne,Math Club,,,
daltizio,Math Club,,,
hbodas,Math Club,,,
hgrinber,Math Club,,,
huachenw,Math Club,,,
huanz,Math Club,,,
jacobneu,Math Club,,,
jaz,Math Club,,,
jjhuang1,Math Club,,,
jkcao,Math Club,,,
jnwong,Math Club,,,
kimberll,Math Club,,,
lkipp,Math Club,,,
Lsack,Math Club,,,
mcshi,Math Club,,,
yez1,Math Club,,,
ninae,Math Club,,,
nmuyesse,Math Club,,,
omontanh,Math Club,,,
rheaj,Math Club,,,
rrovins,Math Club,,,
slzheng,Math Club,,,
sramsey,Math Club,,,
vgudiban,Math Club,,,
ediering,Kappa Alpha Theta,,,TRUE
lrunels,Kappa Alpha Theta,,,TRUE
emongili,Kappa Alpha Theta,,,TRUE
nwinegar,Kappa Alpha Theta,,,TRUE
susiel,Kappa Alpha Theta,,,TRUE
apa,Kappa Alpha Theta,,,
aakin1,Kappa Alpha Theta,,,
malbert,Kappa Alpha Theta,,,
handerso,Kappa Alpha Theta,,,
havery,Kappa Alpha Theta,,,
dbhanja,Kappa Alpha Theta,,,
sbhathej,Kappa Alpha Theta,,,
kbusatto,Kappa Alpha Theta,,,
sabrina1,Kappa Alpha Theta,,,
amychen,Kappa Alpha Theta,,,
sydneyc,Kappa Alpha Theta,,,
acchu,Kappa Alpha Theta,,,
acicozi,Kappa Alpha Theta,,,
cdeiss,Kappa Alpha Theta,,,
edonohue,Kappa Alpha Theta,,,
tdurstew,Kappa Alpha Theta,,,
sealy,Kappa Alpha Theta,,,
vlf,Kappa Alpha Theta,,,
efinnera,Kappa Alpha Theta,,,
kforrest,Kappa Alpha Theta,,,
avf,Kappa Alpha Theta,,,
gracielg,Kappa Alpha Theta,,,
jgnip,Kappa Alpha Theta,,,
mggoldfa,Kappa Alpha Theta,,,
kagreene,Kappa Alpha Theta,,,
radhikag,Kappa Alpha Theta,,,
sihamilt,Kappa Alpha Theta,,,
kghiggin,Kappa Alpha Theta,,,
hholton,Kappa Alpha Theta,,,
tiatarol,Kappa Alpha Theta,,,
mjaeb,Kappa Alpha Theta,,,
ankitaj,Kappa Alpha Theta,,,
nkapate,Kappa Alpha Theta,,,
kkeough,Kappa Alpha Theta,,,
akuznick,Kappa Alpha Theta,,,
cykwon,Kappa Alpha Theta,,,
krlai,Kappa Alpha Theta,,,
slenart,Kappa Alpha Theta,,,
awlin1,Kappa Alpha Theta,,,
kaliston,Kappa Alpha Theta,,,
bllamas,Kappa Alpha Theta,,,
smallepa,Kappa Alpha Theta,,,
kmarcan,Kappa Alpha Theta,,,
lmarty,Kappa Alpha Theta,,,
cmastrog,Kappa Alpha Theta,,,
imehra,Kappa Alpha Theta,,,
ameringe,Kappa Alpha Theta,,,
emolitor,Kappa Alpha Theta,,,
acmontgo,Kappa Alpha Theta,,,
sjn,Kappa Alpha Theta,,,
cnwankwo,Kappa Alpha Theta,,,
jtpark,Kappa Alpha Theta,,,
msr,Kappa Alpha Theta,,,
vkrao,Kappa Alpha Theta,,,
hreynold,Kappa Alpha Theta,,,
jsalerno,Kappa Alpha Theta,,,
asandova,Kappa Alpha Theta,,,
jslomka,Kappa Alpha Theta,,,
msohollo,Kappa Alpha Theta,,,
aspahn,Kappa Alpha Theta,,,
sstockto,Kappa Alpha Theta,,,
mstrome,Kappa Alpha Theta,,,
kstrycha,Kappa Alpha Theta,,,
atorubar,Kappa Alpha Theta,,,
ntucker,Kappa Alpha Theta,,,
gvennitt,Kappa Alpha Theta,,,
cfwillia,Kappa Alpha Theta,,,
rbwolfso,Kappa Alpha Theta,,,
hwooten,Kappa Alpha Theta,,,
lxy,Kappa Alpha Theta,,,
kyoungby,Kappa Alpha Theta,,,
jennyzha,Kappa Alpha Theta,,,
edegrand,Kappa Kappa Gamma,,,TRUE
mmwagner,Kappa Kappa Gamma,,,TRUE
sdeluty,Kappa Kappa Gamma,,,TRUE
hsiaotyp,Kappa Kappa Gamma,,,TRUE
lkendric,Kappa Kappa Gamma,,,TRUE
pbajaj,Kappa Kappa Gamma,,,
emcarval,Kappa Kappa Gamma,,,
afan,Kappa Kappa Gamma,,,
rsgomez,Kappa Kappa Gamma,,,
nherle,Kappa Kappa Gamma,,,
jenna.kay.houston,Kappa Kappa Gamma,,,
sandraj,Kappa Kappa Gamma,,,
nikitakapoorc,Kappa Kappa Gamma,,,
tkathir,Kappa Kappa Gamma,,,
rmuse,Kappa Kappa Gamma,,,
cshankle,Kappa Kappa Gamma,,,
ashverys,Kappa Kappa Gamma,,,
ptai,Kappa Kappa Gamma,,,
jtardani,Kappa Kappa Gamma,,,
avendett,Kappa Kappa Gamma,,,
kwerth,Kappa Kappa Gamma,,,
rwong1,Kappa Kappa Gamma,,,
kbanh,Kappa Kappa Gamma,,,
ambikac,Kappa Kappa Gamma,,,
cassandraclark999,Kappa Kappa Gamma,,,
shd,Kappa Kappa Gamma,,,
rvf,Kappa Kappa Gamma,,,
sgraves,Kappa Kappa Gamma,,,
hkillen,Kappa Kappa Gamma,,,
elainekim01,Kappa Kappa Gamma,,,
nkwon1,Kappa Kappa Gamma,,,
apaige,Kappa Kappa Gamma,,,
rravi,Kappa Kappa Gamma,,,
arudina26,Kappa Kappa Gamma,,,
hbsmith,Kappa Kappa Gamma,,,
cwurman,Kappa Kappa Gamma,,,
akbalaji,Kappa Kappa Gamma,,,
abelouss,Kappa Kappa Gamma,,,
monicac1,Kappa Kappa Gamma,,,
mtday,Kappa Kappa Gamma,,,
ree,Kappa Kappa Gamma,,,
ahoane,Kappa Kappa Gamma,,,
okeller,Kappa Kappa Gamma,,,
lakelly,Kappa Kappa Gamma,,,
amkenned,Kappa Kappa Gamma,,,
nupurm,Kappa Kappa Gamma,,,
izzyvendetti,Kappa Kappa Gamma,,,
hobrien,Kappa Kappa Gamma,,,
avreece,Kappa Kappa Gamma,,,
sruhela,Kappa Kappa Gamma,,,
nsareen,Kappa Kappa Gamma,,,
sgmohona,Kappa Kappa Gamma,,,
nanakis,Kappa Kappa Gamma,,,
asodani,Kappa Kappa Gamma,,,
samantha.trapani,Kappa Kappa Gamma,,,
ieu,Kappa Kappa Gamma,,,
tweeden,Kappa Kappa Gamma,,,
kcy,Kappa Kappa Gamma,,,
lettenso,Kappa Kappa Gamma,,,
abandi,Kappa Kappa Gamma,,,
mbhopatk,Kappa Kappa Gamma,,,
mbolling,Kappa Kappa Gamma,,,
afolsom,Kappa Kappa Gamma,,,
meghnam,Kappa Kappa Gamma,,,
mmateosk,Kappa Kappa Gamma,,,
liz.mccullough619,Kappa Kappa Gamma,,,
jmin1,Kappa Kappa Gamma,,,
cquintan,Kappa Kappa Gamma,,,
gshandar,Kappa Kappa Gamma,,,
avanpraa,Kappa Kappa Gamma,,,
nvembu,Kappa Kappa Gamma,,,
ardenw,Kappa Kappa Gamma,,,
rebeccaz,Kappa Kappa Gamma,,,
atully,Kappa Kappa Gamma,,,
mrufo,Kappa Kappa Gamma,,,
kbrittai,Alpha Sigma Phi,,,TRUE
qwolfe,Alpha Sigma Phi,,,TRUE
qgaughan,Alpha Sigma Phi,,,TRUE
back,Alpha Sigma Phi,,,
eda,Alpha Sigma Phi,,,
nbaranos,Alpha Sigma Phi,,,
dbarbier,Alpha Sigma Phi,,,
abartusi,Alpha Sigma Phi,,,
nbellant,Alpha Sigma Phi,,,
abello,Alpha Sigma Phi,,,
jlbentle,Alpha Sigma Phi,,,
sbeumel,Alpha Sigma Phi,,,
lbikuleg,Alpha Sigma Phi,,,
sbikuleg,Alpha Sigma Phi,,,
sblacker,Alpha Sigma Phi,,,
jbrezina,Alpha Sigma Phi,,,
sbrod,Alpha Sigma Phi,,,
jcaso,Alpha Sigma Phi,,,
lcervena,Alpha Sigma Phi,,,
tjchambe,Alpha Sigma Phi,,,
ddcohen,Alpha Sigma Phi,,,
scooke,Alpha Sigma Phi,,,
ecordaro,Alpha Sigma Phi,,,
mcruz1,Alpha Sigma Phi,,,
kdallica,Alpha Sigma Phi,,,
pdennerl,Alpha Sigma Phi,,,
mdinacci,Alpha Sigma Phi,,,
mfaith,Alpha Sigma Phi,,,
jgibil,Alpha Sigma Phi,,,
bzg,Alpha Sigma Phi,,,
mgrange,Alpha Sigma Phi,,,
jgreenwe,Alpha Sigma Phi,,,
dgreynol,Alpha Sigma Phi,,,
sagross,Alpha Sigma Phi,,,
ehealy,Alpha Sigma Phi,,,
thenning,Alpha Sigma Phi,,,
mhoebing,Alpha Sigma Phi,,,
meantaeh,Alpha Sigma Phi,,,
bjangro,Alpha Sigma Phi,,,
thomaske,Alpha Sigma Phi,,,
akennon,Alpha Sigma Phi,,,
kjkoch,Alpha Sigma Phi,,,
ndkoch,Alpha Sigma Phi,,,
tak,Alpha Sigma Phi,,,
jladuca,Alpha Sigma Phi,,,
clauer,Alpha Sigma Phi,,,
josephl1,Alpha Sigma Phi,,,
jlohmeie,Alpha Sigma Phi,,,
jelyons,Alpha Sigma Phi,,,
tmarmo,Alpha Sigma Phi,,,
pkmellot,Alpha Sigma Phi,,,
bmersman,Alpha Sigma Phi,,,
smesh,Alpha Sigma Phi,,,
bramm,Alpha Sigma Phi,,,
jgn,Alpha Sigma Phi,,,
mrnewman,Alpha Sigma Phi,,,
mnowlin,Alpha Sigma Phi,,,
mohea,Alpha Sigma Phi,,,
ppak,Alpha Sigma Phi,,,
spogorel,Alpha Sigma Phi,,,
tpolutch,Alpha Sigma Phi,,,
scprice,Alpha Sigma Phi,,,
jradakov,Alpha Sigma Phi,,,
troot,Alpha Sigma Phi,,,
ofr,Alpha Sigma Phi,,,
zshirk,Alpha Sigma Phi,,,
bshorey,Alpha Sigma Phi,,,
bshortri,Alpha Sigma Phi,,,
sheldons,Alpha Sigma Phi,,,
lstahl,Alpha Sigma Phi,,,
dtrzcins,Alpha Sigma Phi,,,
ctywanic,Alpha Sigma Phi,,,
mvaradi,Alpha Sigma Phi,,,
rwellman,Alpha Sigma Phi,,,
syester,Alpha Sigma Phi,,,
cby,Alpha Sigma Phi,,,
dzahnise,Alpha Sigma Phi,,,
czamoras,Alpha Sigma Phi,,,
shempton,Alpha Chi Omega,,,TRUE
kyshi,Alpha Chi Omega,,,TRUE
sarahwan,Alpha Chi Omega,,,TRUE
avannort,Alpha Chi Omega,,,TRUE
nnang,Alpha Chi Omega,,,
ssangel,Alpha Chi Omega,,,
pasthana,Alpha Chi Omega,,,
rasthana,Alpha Chi Omega,,,
nbaltzer,Alpha Chi Omega,,,
kbylanci,Alpha Chi Omega,,,
ecamele,Alpha Chi Omega,,,
jtc1,Alpha Chi Omega,,,
seoyounc,Alpha Chi Omega,,,
kdiaz,Alpha Chi Omega,,,
ndongre,Alpha Chi Omega,,,
hmdougla,Alpha Chi Omega,,,
emernst,Alpha Chi Omega,,,
yanhaomf,Alpha Chi Omega,,,
ningjung,Alpha Chi Omega,,,
ameeshig,Alpha Chi Omega,,,
shivanig,Alpha Chi Omega,,,
nguan,Alpha Chi Omega,,,
siqig,Alpha Chi Omega,,,
khanson,Alpha Chi Omega,,,
jhon,Alpha Chi Omega,,,
xhuang1,Alpha Chi Omega,,,
hannajan,Alpha Chi Omega,,,
mkerber1,Alpha Chi Omega,,,
junek,Alpha Chi Omega,,,
misak,Alpha Chi Omega,,,
gvlai,Alpha Chi Omega,,,
monicale,Alpha Chi Omega,,,
sleelama,Alpha Chi Omega,,,
bonniel1,Alpha Chi Omega,,,
jlui1,Alpha Chi Omega,,,
knarayan,Alpha Chi Omega,,,
cou,Alpha Chi Omega,,,
tpina,Alpha Chi Omega,,,
hpreston,Alpha Chi Omega,,,
jpuschma,Alpha Chi Omega,,,
sroslin,Alpha Chi Omega,,,
yanans1,Alpha Chi Omega,,,
nyshin,Alpha Chi Omega,,,
ssile,Alpha Chi Omega,,,
msint,Alpha Chi Omega,,,
csuvarna,Alpha Chi Omega,,,
yaxint,Alpha Chi Omega,,,
nthursto,Alpha Chi Omega,,,
mtsang1,Alpha Chi Omega,,,
gracew,Alpha Chi Omega,,,
mereditw,Alpha Chi Omega,,,
hhxia,Alpha Chi Omega,,,
lindax,Alpha Chi Omega,,,
yuhanx,Alpha Chi Omega,,,
xyang1,Alpha Chi Omega,,,
zihuiy,Alpha Chi Omega,,,
ayerneni,Alpha Chi Omega,,,
yuhangy,Alpha Chi Omega,,,
szasacky,Alpha Chi Omega,,,
mzeitlin,Alpha Chi Omega,,,
jacquelz,Alpha Chi Omega,,,
audreyz,Alpha Chi Omega,,,
czhong,Alpha Chi Omega,,,
tiffanyz,Alpha Chi Omega,,,
hblazer,Sigma Phi Epsilon,,,TRUE
cdively,Sigma Phi Epsilon,,,TRUE
jgualtie,Sigma Phi Epsilon,,,TRUE
nickiec,Sigma Phi Epsilon,,,TRUE
jdortiz,Sigma Phi Epsilon,,,
alanhodg,Sigma Phi Epsilon,,,
pnt,Sigma Phi Epsilon,,,
sfuruhat,Sigma Phi Epsilon,,,
wdively,Sigma Phi Epsilon,,,
jjrodri1,Sigma Phi Epsilon,,,
sbunting,Sigma Phi Epsilon,,,
ttabb,Sigma Phi Epsilon,,,
rrju,Sigma Phi Epsilon,,,
armanh,Sigma Phi Epsilon,,,
hpeck,Sigma Phi Epsilon,,,
tsmichae,Sigma Phi Epsilon,,,
jsprong,Sigma Phi Epsilon,,,
bbakerma,Sigma Phi Epsilon,,,
bmdavis,Sigma Phi Epsilon,,,
dkmurray,Sigma Phi Epsilon,,,
fds,Sigma Phi Epsilon,,,
lgalvan,Sigma Phi Epsilon,,,
mpiroli,Sigma Phi Epsilon,,,
mstanley,Sigma Phi Epsilon,,,
sweishae,Sigma Phi Epsilon,,,
wcrouch,Sigma Phi Epsilon,,,
usb,Sigma Phi Epsilon,,,
esahn,Sigma Phi Epsilon,,,
mriek,Sigma Phi Epsilon,,,
wdumas,Sigma Phi Epsilon,,,
ceckrich,Sigma Phi Epsilon,,,
dlzhang,Sigma Phi Epsilon,,,
dipakk,Sigma Phi Epsilon,,,
gferrant,Sigma Phi Epsilon,,,
jmuskovi,Sigma Phi Epsilon,,,
kfuruhat,Sigma Phi Epsilon,,,
mraechu,Sigma Phi Epsilon,,,
meltaeb,Sigma Phi Epsilon,,,
mmadadi,Sigma Phi Epsilon,,,
nswamin1,Sigma Phi Epsilon,,,
zsaffran,Sigma Phi Epsilon,,,
jleigh,Sigma Phi Epsilon,,,
zherman,Sigma Phi Epsilon,,,
aconduff,Sigma Phi Epsilon,,,
jmoavenz,Sigma Phi Epsilon,,,
sburleig,Sigma Phi Epsilon,,,
ejonesro,Sigma Phi Epsilon,,,
bodabasi,Sigma Phi Epsilon,,,
charleyz,Sigma Phi Epsilon,,,
cchene,Sigma Phi Epsilon,,,
dkleiman,Sigma Phi Epsilon,,,
jmalka,Sigma Phi Epsilon,,,
jeanpaun,Sigma Phi Epsilon,,,
fcabrera,Sigma Phi Epsilon,,,
pfelterm,Sigma Phi Epsilon,,,
phjohnso,Sigma Phi Epsilon,,,
roaceved,Sigma Phi Epsilon,,,
sadiaz,Sigma Phi Epsilon,,,
jlegelis,Sigma Phi Epsilon,,,
magandhi,Sigma Phi Epsilon,,,
rftucker,Sigma Phi Epsilon,,,
dhession,Sigma Phi Epsilon,,,
jaebinp,Sigma Phi Epsilon,,,
akluk,Sigma Phi Epsilon,,,
bcontess,Sigma Phi Epsilon,,,
fcliu,Sigma Phi Epsilon,,,
pdecicco,Sigma Phi Epsilon,,,
renhaoh,Sigma Phi Epsilon,,,
jcheng2,Sigma Phi Epsilon,,,
bstone,Sigma Phi Epsilon,,,
gltang,Sigma Phi Epsilon,,,
kbakos,Sigma Phi Epsilon,,,
agao,Sigma Phi Epsilon,,,
rfitzpa1,Sigma Phi Epsilon,,,
lkojiro,Sigma Phi Epsilon,,,
tpreddy,Sigma Phi Epsilon,,,
cryoung,Sigma Phi Epsilon,,,
ajbrooks,Sigma Phi Epsilon,,,
bswalsh,Sigma Phi Epsilon,,,
groot,Sigma Phi Epsilon,,,
ccyoung,Sigma Phi Epsilon,,,
acchan,Sigma Phi Epsilon,,,
sakumar,Sigma Phi Epsilon,,,
jcalvell,Sigma Phi Epsilon,,,
bpierce,Sigma Phi Epsilon,,,
tswarsta,Sigma Phi Epsilon,,,
jaforman,Sigma Phi Epsilon,,,
atnelson,Sigma Phi Epsilon,,,
iwa,Sigma Phi Epsilon,,,
njrichar,Sigma Phi Epsilon,,,
lolivare,Sigma Phi Epsilon,,,
baekjook,Sigma Phi Epsilon,,,
ssdesai,Sigma Phi Epsilon,,,
rremsude,Sigma Phi Epsilon,,,
asekar,Delta Tau Delta,,,TRUE
amilford,Delta Tau Delta,,,TRUE
achmykh,Delta Tau Delta,,,TRUE
dfdwyer,Delta Tau Delta,,,TRUE
nhiehle,Delta Tau Delta,,,TRUE
richardz,Delta Tau Delta,,,TRUE
ssontag,Delta Tau Delta,,,TRUE
jchernak,Delta Tau Delta,,,
aakent,Delta Tau Delta,,,
ibb,Delta Tau Delta,,,
lgary,Delta Tau Delta,,,
asekar,Delta Tau Delta,,,
rahuang,Delta Tau Delta,,,
raghavgo,Delta Tau Delta,,,
dfdwyer,Delta Tau Delta,,,
richardz,Delta Tau Delta,,,
ilo1,Delta Tau Delta,,,
atucker1,Delta Tau Delta,,,
fkovacs,Delta Tau Delta,,,
wwalters,Delta Tau Delta,,,
zsnow,Delta Tau Delta,,,
stp,Delta Tau Delta,,,
nhiehle,Delta Tau Delta,,,
clementw,Delta Tau Delta,,,
emendez,Delta Tau Delta,,,
sjabraha,Delta Tau Delta,,,
cvsmith,Delta Tau Delta,,,
adates,Delta Tau Delta,,,
anoorani,Delta Tau Delta,,,
svraj,Delta Tau Delta,,,
xapostol,Delta Tau Delta,,,
mmckinzi,Delta Tau Delta,,,
goc,Delta Tau Delta,,,
achmykh,Delta Tau Delta,,,
pbhojwan,Delta Tau Delta,,,
tyh,Delta Tau Delta,,,
raunaksg,Delta Tau Delta,,,
jbenassa,Delta Tau Delta,,,
hjx,Delta Tau Delta,,,
gis,Delta Tau Delta,,,
rselagam,Delta Tau Delta,,,
she2,Delta Tau Delta,,,
youcej,Delta Tau Delta,,,
cburgess,Delta Tau Delta,,,
ssontag,Delta Tau Delta,,,
basun,Delta Tau Delta,,,
lsoler,Delta Tau Delta,,,
dbaryche,Delta Tau Delta,,,
tchetal,Delta Tau Delta,,,
asoh,Delta Tau Delta,,,
kdlee,Delta Tau Delta,,,
souravp,Delta Tau Delta,,,
sungjunh,Delta Tau Delta,,,
heyangz,Delta Tau Delta,,,
amilford,Delta Tau Delta,,,
cemery,Delta Tau Delta,,,
gcbrown,Delta Tau Delta,,,
ctang1,Delta Tau Delta,,,
vvbaldwa,Delta Tau Delta,,,
mtamvaki,Delta Tau Delta,,,
rbaiocco,Delta Tau Delta,,,
zaq,Delta Tau Delta,,,
tbejos,Delta Tau Delta,,,
sjawahar,Delta Tau Delta,,,
bpek,Delta Tau Delta,,,
ccoelho,Delta Tau Delta,,,
dchoe,Delta Tau Delta,,,
mschussl,Delta Tau Delta,,,
ajconlon,Delta Tau Delta,,,
dbang,Delta Tau Delta,,,
jhbaldwi,Delta Tau Delta,,,
gbrower,Delta Tau Delta,,,
dlin2,Delta Tau Delta,,,
afung,Delta Tau Delta,,,
ocl,Delta Tau Delta,,,
mpokol,Delta Delta Delta,,,TRUE
jiangxul,Delta Delta Delta,,,TRUE
aschott,Delta Delta Delta,,,TRUE
gwolczan,Delta Delta Delta,,,TRUE
achoffma,Delta Delta Delta,,,TRUE
lberesfo,Delta Delta Delta,,,
mrburke,Delta Delta Delta,,,
ccabana,Delta Delta Delta,,,
jgcarter,Delta Delta Delta,,,
echoe,Delta Delta Delta,,,
cchung2,Delta Delta Delta,,,
efrenchu,Delta Delta Delta,,,
meganfu,Delta Delta Delta,,,
winnief,Delta Delta Delta,,,
mgreenho,Delta Delta Delta,,,
ahong1,Delta Delta Delta,,,
mhyde,Delta Delta Delta,,,
risaac,Delta Delta Delta,,,
tjawahar,Delta Delta Delta,,,
rsjohnso,Delta Delta Delta,,,
hannahskim,Delta Delta Delta,,,
sklotz,Delta Delta Delta,,,
jennife4,Delta Delta Delta,,,
mblewis,Delta Delta Delta,,,
iil,Delta Delta Delta,,,
jmangwan,Delta Delta Delta,,,
ekmcalis,Delta Delta Delta,,,
amusipat,Delta Delta Delta,,,
goke,Delta Delta Delta,,,
elpak,Delta Delta Delta,,,
apalaniy,Delta Delta Delta,,,
ktender,Delta Delta Delta,,,
elisaw,Delta Delta Delta,,,
swenger,Delta Delta Delta,,,
awoodbur,Delta Delta Delta,,,
boyanz,Delta Delta Delta,,,
nanz1,Delta Delta Delta,,,
terrianz,Delta Delta Delta,,,
ashleywa,Delta Delta Delta,,,
pavitthp,Delta Delta Delta,,,
mjwang,Delta Delta Delta,,,
sahalper,Delta Delta Delta,,,
amtoy,Delta Delta Delta,,,
selum,Delta Delta Delta,,,
labrams,Delta Delta Delta,,,
sdesikan,Delta Delta Delta,,,
vcl,Delta Delta Delta,,,
svalente,Delta Delta Delta,,,
ysieh,Delta Delta Delta,,,
ablack,Delta Delta Delta,,,
eelrod,Delta Delta Delta,,,
aaburach,Delta Delta Delta,,,
angelas1,Delta Delta Delta,,,
elstewar,Delta Delta Delta,,,
gparanja,Delta Delta Delta,,,
sophiad,Delta Delta Delta,,,
awwong,Delta Delta Delta,,,
jschiffe,Delta Delta Delta,,,
rsneerin,Delta Delta Delta,,,
emcintos,Delta Delta Delta,,,
haiwenl,Delta Delta Delta,,,
sallyz,Delta Delta Delta,,,
txcai,Delta Delta Delta,,,
ajbeck,Delta Delta Delta,,,
julesr,Delta Delta Delta,,,
ntho,Delta Delta Delta,,,
matmakur,Delta Delta Delta,,,
vvanbens,Delta Delta Delta,,,
rusnay,American Society of Civil Engineers,,,TRUE
gchatter,American Society of Civil Engineers,,,TRUE
jcrnkovi,American Society of Civil Engineers,,,TRUE
sjhegde,American Society of Civil Engineers,,,
amjiang,American Society of Civil Engineers,,,
mwhittak,American Society of Civil Engineers,,,
cmarkuso,American Society of Civil Engineers,,,
jiacobel,American Society of Civil Engineers,,,
efarrell,American Society of Civil Engineers,,,
aadler,Alpha Epsilon Pi,,,TRUE
abaikovi,Alpha Epsilon Pi,,,TRUE
jgrove,Alpha Epsilon Pi,,,TRUE
kjhernan,Alpha Epsilon Pi,,,TRUE
afl1,Alpha Epsilon Pi,,,TRUE
aromanof,Alpha Epsilon Pi,,,TRUE
dbaratt,Alpha Epsilon Pi,,,
jbroitma,Alpha Epsilon Pi,,,
jmbrown,Alpha Epsilon Pi,,,
mbuchman,Alpha Epsilon Pi,,,
kicohen,Alpha Epsilon Pi,,,
acohn,Alpha Epsilon Pi,,,
adruck,Alpha Epsilon Pi,,,
jfdubin,Alpha Epsilon Pi,,,
bdubner,Alpha Epsilon Pi,,,
sdunniso,Alpha Epsilon Pi,,,
merlebac,Alpha Epsilon Pi,,,
jglanzbe,Alpha Epsilon Pi,,,
dglazer,Alpha Epsilon Pi,,,
cglickma,Alpha Epsilon Pi,,,
jgoldma1,Alpha Epsilon Pi,,,
jgruza,Alpha Epsilon Pi,,,
rhoffber,Alpha Epsilon Pi,,,
eholthau,Alpha Epsilon Pi,,,
nholzmue,Alpha Epsilon Pi,,,
yeongwoh,Alpha Epsilon Pi,,,
rakeller,Alpha Epsilon Pi,,,
akharito,Alpha Epsilon Pi,,,
jkorn,Alpha Epsilon Pi,,,
plamkin,Alpha Epsilon Pi,,,
alerner1,Alpha Epsilon Pi,,,
davidlev,Alpha Epsilon Pi,,,
aelevine,Alpha Epsilon Pi,,,
wxl,Alpha Epsilon Pi,,,
nmass,Alpha Epsilon Pi,,,
amenaged,Alpha Epsilon Pi,,,
jmerrin,Alpha Epsilon Pi,,,
ameyers,Alpha Epsilon Pi,,,
esmyers,Alpha Epsilon Pi,,,
gorelowi,Alpha Epsilon Pi,,,
jragen,Alpha Epsilon Pi,,,
ajrosenf,Alpha Epsilon Pi,,,
jsafer,Alpha Epsilon Pi,,,
jsandler,Alpha Epsilon Pi,,,
dscher,Alpha Epsilon Pi,,,
jschofel,Alpha Epsilon Pi,,,
zsikov,Alpha Epsilon Pi,,,
asilverg,Alpha Epsilon Pi,,,
jsomers,Alpha Epsilon Pi,,,
mspettel,Alpha Epsilon Pi,,,
sbsteinb,Alpha Epsilon Pi,,,
zsussman,Alpha Epsilon Pi,,,
svvishnu,Alpha Epsilon Pi,,,
gvolynsk,Alpha Epsilon Pi,,,
mdwagner,Alpha Epsilon Pi,,,
vrw,Alpha Epsilon Pi,,,
tchiang,Taiwanese Student Association,,,TRUE
jychang1,Taiwanese Student Association,,,TRUE
atsu,Taiwanese Student Association,,,TRUE
denisel1,Taiwanese Student Association,,,TRUE
rsi1,Taiwanese Student Association,,,TRUE
tcliu,Taiwanese Student Association,,,TRUE
lmzhao,Taiwanese Student Association,,,
ysohn,Taiwanese Student Association,,,
jesparc,Taiwanese Student Association,,,
ylp,Taiwanese Student Association,,,
Jwzhu,Taiwanese Student Association,,,
ssu1,Taiwanese Student Association,,,
jhon,Taiwanese Student Association,,,
tsheng,Taiwanese Student Association,,,
ctl1,Taiwanese Student Association,,,
axl,Taiwanese Student Association,,,
tcliu,Taiwanese Student Association,,,
vdt,Taiwanese Student Association,,,
cshao1,Taiwanese Student Association,,,
shchen,Taiwanese Student Association,,,
carolynz,Taiwanese Student Association,,,
ezchen,Taiwanese Student Association,,,
hdaniel,Taiwanese Student Association,,,
msint,Taiwanese Student Association,,,
clao,Taiwanese Student Association,,,
katrinaw,Taiwanese Student Association,,,
jl5,Taiwanese Student Association,,,
dyl2,Taiwanese Student Association,,,
mfang1,Taiwanese Student Association,,,
theodorc,Taiwanese Student Association,,,
jasong1,Taiwanese Student Association,,,
ichiu,Taiwanese Student Association,,,
rowenaf,Taiwanese Student Association,,,
atopacio,Taiwanese Student Association,,,
amiew,Taiwanese Student Association,,,
mjwang,Taiwanese Student Association,,,
mereditw,Taiwanese Student Association,,,
albertc1,Taiwanese Student Association,,,
jacquelz,Taiwanese Student Association,,,
cywang,Taiwanese Student Association,,,
youngju2,Taiwanese Student Association,,,
czhong,Taiwanese Student Association,,,
jhsu2,Taiwanese Student Association,,,
idq,Taiwanese Student Association,,,
lesliec1,Taiwanese Student Association,,,
hlin1,Taiwanese Student Association,,,
kjchin,Taiwanese Student Association,,,
txcai,Taiwanese Student Association,,,
kchoy1,Taiwanese Student Association,,,
hsinay,Taiwanese Student Association,,,
rtf,Taiwanese Student Association,,,
markcho,Taiwanese Student Association,,,
jyc1,Taiwanese Student Association,,,
yaochonl,Singapore Students Association,,,TRUE
ndedeyus,Singapore Students Association,,,TRUE
zexuano,Singapore Students Association,,,
ckho,Singapore Students Association,,,
eujingc,Singapore Students Association,,,
nleonzhi,Singapore Students Association,,,
zteoh,Singapore Students Association,,,
cgay,Singapore Students Association,,,
oweijin,Singapore Students Association,,,
myou,Singapore Students Association,,,
aluo,Singapore Students Association,,,
zemingbh,Singapore Students Association,,,
ysee,Singapore Students Association,,,
cbeidema,Singapore Students Association,,,
cphang,Singapore Students Association,,,
elyoung,Singapore Students Association,,,
jackyl1,Singapore Students Association,,,
weyhsual,Singapore Students Association,,,
xlim,Singapore Students Association,,,
wengshih,Singapore Students Association,,,
dayounga,Singapore Students Association,,,
jeffkang,Kappa Sigma,,,TRUE
cjwalsh,Kappa Sigma,,,TRUE
kdanon,Kappa Sigma,,,TRUE
gyao,Kappa Sigma,,,TRUE
sogus,Kappa Sigma,,,
lamblard,Kappa Sigma,,,
jrushkof,Kappa Sigma,,,
athahn,Kappa Sigma,,,
tschwart,Kappa Sigma,,,
nanomnac,Kappa Sigma,,,
ajcollin,Kappa Sigma,,,
jghose,Kappa Sigma,,,
ckwak,Kappa Sigma,,,
rrizvi,Kappa Sigma,,,
ggupte,Kappa Sigma,,,
jreichgu,Kappa Sigma,,,
aoshiro,Kappa Sigma,,,
dskifsta,Kappa Sigma,,,
justinki,Kappa Sigma,,,
asosa,Kappa Sigma,,,
nguptaiw,Kappa Sigma,,,
kaggarwa,Kappa Sigma,,,
jbharadw,Kappa Sigma,,,
msadiku,Kappa Sigma,,,
bpsteinb,Kappa Sigma,,,
hcaffrey,Kappa Sigma,,,
jcurcio,Kappa Sigma,,,
bmetjahi,Kappa Sigma,,,
lubhaank,Kappa Sigma,,,
cwende,Kappa Sigma,,,
bcli,Kappa Sigma,,,
aslin,Kappa Sigma,,,
smontiel,Kappa Sigma,,,
gwanders,Kappa Sigma,,,
npolichr,Kappa Sigma,,,
rnasim,Kappa Sigma,,,
ijaffer,Kappa Sigma,,,
cbackman,Kappa Sigma,,,
rusnay,American Society of Civil Engineers,,,TRUE
gchatter,American Society of Civil Engineers,,,TRUE
jcrnkovi,American Society of Civil Engineers,,,TRUE
rfeeck,American Society of Civil Engineers,,,
tgoforth,American Society of Civil Engineers,,,
rrusali,American Society of Civil Engineers,,,
rgalindo,American Society of Civil Engineers,,,
ccoyle,American Society of Civil Engineers,,,
jsummers,American Society of Civil Engineers,,,
mwhittak,American Society of Civil Engineers,,,
cmarkuso,American Society of Civil Engineers,,,
jnwang,American Society of Civil Engineers,,,
vding,American Society of Civil Engineers,,,
sjhegde,American Society of Civil Engineers,,,
efarrell,American Society of Civil Engineers,,,
bkundu,American Society of Civil Engineers,,,
dha,American Society of Civil Engineers,,,
mspoerl,Astronomy Club,,,TRUE
rjesurum,Astronomy Club,,,TRUE
amonteav,Astronomy Club,,,TRUE
ruihaoy,Astronomy Club,,,TRUE
akyle,Astronomy Club,,,TRUE
kajackso,Astronomy Club,,,
ccano,Astronomy Club,,,
ebbarret,Astronomy Club,,,
jhsueh,Astronomy Club,,,
esulkin,Astronomy Club,,,
lydiag,Astronomy Club,,,
methomas,Astronomy Club,,,
maperez,Astronomy Club,,,
minghan1,Astronomy Club,,,
salexand,Astronomy Club,,,
sdelosre,Astronomy Club,,,
zhenghaj,Astronomy Club,,,
igoldste,Astronomy Club,,,
svaultz,Astronomy Club,,,
spenfiel,Astronomy Club,,,
swaras,Astronomy Club,,,
mroche,Astronomy Club,,,
mpaccion,Astronomy Club,,,
jaz,Astronomy Club,,,
edegrand,Kappa Kappa Gamma,,,TRUE
sdeluty,Kappa Kappa Gamma,,,TRUE
lkendric,Kappa Kappa Gamma,,,TRUE
hsiaotyp,Kappa Kappa Gamma,,,TRUE
mmwagner,Kappa Kappa Gamma,,,TRUE
amayor,Kappa Kappa Gamma,,,
pbajaj,Kappa Kappa Gamma,,,
kbanh,Kappa Kappa Gamma,,,
akbalaji,Kappa Kappa Gamma,,,
abandi,Kappa Kappa Gamma,,,
abelouss,Kappa Kappa Gamma,,,
mbhopatk,Kappa Kappa Gamma,,,
mbolling,Kappa Kappa Gamma,,,
kaboyle,Kappa Kappa Gamma,,,
sboyle,Kappa Kappa Gamma,,,
emcarval,Kappa Kappa Gamma,,,
monicac1,Kappa Kappa Gamma,,,
ambikac,Kappa Kappa Gamma,,,
crclark,Kappa Kappa Gamma,,,
mtday,Kappa Kappa Gamma,,,
edegrand,Kappa Kappa Gamma,,,
shd,Kappa Kappa Gamma,,,
sdeluty,Kappa Kappa Gamma,,,
ree,Kappa Kappa Gamma,,,
lettenso,Kappa Kappa Gamma,,,
afan,Kappa Kappa Gamma,,,
afolsom,Kappa Kappa Gamma,,,
rvf,Kappa Kappa Gamma,,,
afukuda,Kappa Kappa Gamma,,,
rsgomez,Kappa Kappa Gamma,,,
sgraves,Kappa Kappa Gamma,,,
aguzman2,Kappa Kappa Gamma,,,
nherle,Kappa Kappa Gamma,,,
ahoane,Kappa Kappa Gamma,,,
jkhousto,Kappa Kappa Gamma,,,
sandraj,Kappa Kappa Gamma,,,
nikitaka,Kappa Kappa Gamma,,,
tkathir,Kappa Kappa Gamma,,,
okeller,Kappa Kappa Gamma,,,
lakelly,Kappa Kappa Gamma,,,
lkendric,Kappa Kappa Gamma,,,
amkenned,Kappa Kappa Gamma,,,
hkillen,Kappa Kappa Gamma,,,
jungeun1,Kappa Kappa Gamma,,,
nkwon1,Kappa Kappa Gamma,,,
meghnam,Kappa Kappa Gamma,,,
nupurm,Kappa Kappa Gamma,,,
mmateosk,Kappa Kappa Gamma,,,
emccullo,Kappa Kappa Gamma,,,
jmin1,Kappa Kappa Gamma,,,
rmuse,Kappa Kappa Gamma,,,
hobrien,Kappa Kappa Gamma,,,
apaige,Kappa Kappa Gamma,,,
hsiaotyp,Kappa Kappa Gamma,,,
cquintan,Kappa Kappa Gamma,,,
rravi,Kappa Kappa Gamma,,,
avreece,Kappa Kappa Gamma,,,
arudina,Kappa Kappa Gamma,,,
mrufo,Kappa Kappa Gamma,,,
sruhela,Kappa Kappa Gamma,,,
nsareen,Kappa Kappa Gamma,,,
msengupt,Kappa Kappa Gamma,,,
gshandar,Kappa Kappa Gamma,,,
cshankle,Kappa Kappa Gamma,,,
ashverys,Kappa Kappa Gamma,,,
nanakis,Kappa Kappa Gamma,,,
hbsmith,Kappa Kappa Gamma,,,
asodani,Kappa Kappa Gamma,,,
ptai,Kappa Kappa Gamma,,,
jtardani,Kappa Kappa Gamma,,,
svt,Kappa Kappa Gamma,,,
atully,Kappa Kappa Gamma,,,
ieu,Kappa Kappa Gamma,,,
avanpraa,Kappa Kappa Gamma,,,
nvembu,Kappa Kappa Gamma,,,
avendett,Kappa Kappa Gamma,,,
ijv,Kappa Kappa Gamma,,,
mmwagner,Kappa Kappa Gamma,,,
tweeden,Kappa Kappa Gamma,,,
kwerth,Kappa Kappa Gamma,,,
ardenw,Kappa Kappa Gamma,,,
rwong1,Kappa Kappa Gamma,,,
cwurman,Kappa Kappa Gamma,,,
kcy,Kappa Kappa Gamma,,,
stulluri,Delta Gamma,,,TRUE
mschamin,Delta Gamma,,,TRUE
margretw,Delta Gamma,,,TRUE
csotires,Delta Gamma,,,TRUE
mbanks,Delta Gamma,,,TRUE
rlahmad,Delta Gamma,,,
sbazo,Delta Gamma,,,
ebeisner,Delta Gamma,,,
mbomberg,Delta Gamma,,,
etbrenna,Delta Gamma,,,
recasey,Delta Gamma,,,
cchang2,Delta Gamma,,,
jchui1,Delta Gamma,,,
scordov1,Delta Gamma,,,
mcruff,Delta Gamma,,,
kushald,Delta Gamma,,,
ldegroot,Delta Gamma,,,
jdelator,Delta Gamma,,,
mdibonge,Delta Gamma,,,
msdrisco,Delta Gamma,,,
pdua,Delta Gamma,,,
arestrad,Delta Gamma,,,
hannahf,Delta Gamma,,,
ewfrankl,Delta Gamma,,,
sgough,Delta Gamma,,,
jennyh1,Delta Gamma,,,
saho,Delta Gamma,,,
eiszauk,Delta Gamma,,,
sjurgens,Delta Gamma,,,
jennyki1,Delta Gamma,,,
ljkim,Delta Gamma,,,
akloehn,Delta Gamma,,,
juyeonk,Delta Gamma,,,
klambert,Delta Gamma,,,
mleppla,Delta Gamma,,,
snlew,Delta Gamma,,,
amate,Delta Gamma,,,
pmckeefr,Delta Gamma,,,
roshnim,Delta Gamma,,,
cnmuller,Delta Gamma,,,
bnn,Delta Gamma,,,
anathani,Delta Gamma,,,
hnourie,Delta Gamma,,,
cpitts,Delta Gamma,,,
eporat,Delta Gamma,,,
mpudlo,Delta Gamma,,,
mpullen,Delta Gamma,,,
rrandell,Delta Gamma,,,
ereuss,Delta Gamma,,,
ocs,Delta Gamma,,,
cscoggin,Delta Gamma,,,
oseavy,Delta Gamma,,,
hshalaby,Delta Gamma,,,
cshourab,Delta Gamma,,,
ssill,Delta Gamma,,,
sslabins,Delta Gamma,,,
mslevin,Delta Gamma,,,
jihyes,Delta Gamma,,,
absoto,Delta Gamma,,,
tstentz,Delta Gamma,,,
ktang1,Delta Gamma,,,
aulven,Delta Gamma,,,
anushav,Delta Gamma,,,
mwatson,Delta Gamma,,,
hweishae,Delta Gamma,,,
lwholey,Delta Gamma,,,
jwickers,Delta Gamma,,,
kaw1,Delta Gamma,,,
wenyiz,Delta Gamma,,,
ashvip,Delta Gamma,,,
mwellene,Delta Gamma,,,
nhouglan,Student Dormitory Council,,,TRUE
mgarrett,Student Dormitory Council,,,TRUE
alc1,Student Dormitory Council,,,TRUE
aajith,Student Dormitory Council,,,
acerny,Student Dormitory Council,,,
achanana,Student Dormitory Council,,,
adhyani,Student Dormitory Council,,,
ahavanur,Student Dormitory Council,,,
ajbeck,Student Dormitory Council,,,
akapusci,Student Dormitory Council,,,
akduncan,Student Dormitory Council,,,
alejanda,Student Dormitory Council,,,
aravisha,Student Dormitory Council,,,
asalmon,Student Dormitory Council,,,
bbrennen,Student Dormitory Council,,,
ceq,Student Dormitory Council,,,
cmsmith,Student Dormitory Council,,,
colinkel,Student Dormitory Council,,,
cperry,Student Dormitory Council,,,
daniellh,Student Dormitory Council,,,
dbick,Student Dormitory Council,,,
dbperry,Student Dormitory Council,,,
dbyrapat,Student Dormitory Council,,,
dlaredo,Student Dormitory Council,,,
eblesswi,Student Dormitory Council,,,
ehirao,Student Dormitory Council,,,
erichuan,Student Dormitory Council,,,
eworkman,Student Dormitory Council,,,
gglass,Student Dormitory Council,,,
gth,Student Dormitory Council,,,
hvantil,Student Dormitory Council,,,
inezk,Student Dormitory Council,,,
jemichae,Student Dormitory Council,,,
jhoffma1,Student Dormitory Council,,,
jinxiao,Student Dormitory Council,,,
josephw1,Student Dormitory Council,,,
jronayne,Student Dormitory Council,,,
jwchou,Student Dormitory Council,,,
kakompon,Student Dormitory Council,,,
kanishav,Student Dormitory Council,,,
kdevince,Student Dormitory Council,,,
kkozlows,Student Dormitory Council,,,
lsantizo,Student Dormitory Council,,,
mbrownin,Student Dormitory Council,,,
mcedward,Student Dormitory Council,,,
mflopez,Student Dormitory Council,,,
mgilsilv,Student Dormitory Council,,,
mgopakum,Student Dormitory Council,,,
mhanders,Student Dormitory Council,,,
mlaurenc,Student Dormitory Council,,,
mmirho,Student Dormitory Council,,,
mmlincek,Student Dormitory Council,,,
mparalka,Student Dormitory Council,,,
mpparalk,Student Dormitory Council,,,
mrshukla,Student Dormitory Council,,,
mstiefbo,Student Dormitory Council,,,
mzischka,Student Dormitory Council,,,
nchatter,Student Dormitory Council,,,
nmotta1,Student Dormitory Council,,,
ocl,Student Dormitory Council,,,
oelmady,Student Dormitory Council,,,
olo,Student Dormitory Council,,,
ooanamma,Student Dormitory Council,,,
pbays,Student Dormitory Council,,,
rgroves,Student Dormitory Council,,,
rzr,Student Dormitory Council,,,
sbirke,Student Dormitory Council,,,
sfinnert,Student Dormitory Council,,,
sgiampap,Student Dormitory Council,,,
sinani,Student Dormitory Council,,,
spchrist,Student Dormitory Council,,,
ssuero,Student Dormitory Council,,,
swanasun,Student Dormitory Council,,,
syiblet,Student Dormitory Council,,,
vcherupa,Student Dormitory Council,,,
vhrao,Student Dormitory Council,,,
vkukutla,Student Dormitory Council,,,
vliu1,Student Dormitory Council,,,
wsu1,Student Dormitory Council,,,
xinxinh,Student Dormitory Council,,,
ekrakopo,KGB,,,TRUE
jagu,KGB,,,TRUE
kfair,KGB,,,TRUE
adavey,KGB,,,
aetzel,KGB,,,
afalk,KGB,,,
afrieder,KGB,,,
asilverg,KGB,,,
aslu,KGB,,,
axe,KGB,,,
bbrennen,KGB,,,
bney,KGB,,,
cjwong,KGB,,,
dbork,KGB,,,
dhreed,KGB,,,
dtv,KGB,,,
dyuan,KGB,,,
ecamele,KGB,,,
eeb,KGB,,,
egarbade,KGB,,,
egladdin,KGB,,,
ejglaser,KGB,,,
eseeser,KGB,,,
hfernand,KGB,,,
hhausman,KGB,,,
hlorber,KGB,,,
igriswol,KGB,,,
jjorygei,KGB,,,
jpdoyle,KGB,,,
jzornio,KGB,,,
khans,KGB,,,
kkozlows,KGB,,,
klxia,KGB,,,
kthies,KGB,,,
mar1,KGB,,,
mcoker,KGB,,,
mforsman,KGB,,,
mhthomps,KGB,,,
mjmurphy,KGB,,,
mrquinn,KGB,,,
msjohnso,KGB,,,
nmorin,KGB,,,
nnaylor,KGB,,,
nrauen,KGB,,,
nwalko,KGB,,,
pbrossea,KGB,,,
sctoor,KGB,,,
sdkim1,KGB,,,
shempton,KGB,,,
svitoora,KGB,,,
svnathan,KGB,,,
tparenti,KGB,,,
vmisra,KGB,,,
cjye,Asian Student Association,,,TRUE
ayu1,Asian Student Association,,,TRUE
btao,Asian Student Association,,,TRUE
ijhon,Asian Student Association,,,TRUE
jokoro,Asian Student Association,,,TRUE
vy,Asian Student Association,,,TRUE
victoril,Asian Student Association,,,TRUE
jhxue,Asian Student Association,,,
vzhou,Asian Student Association,,,
chelseaw,Asian Student Association,,,
theresec,Asian Student Association,,,
ysohn,Asian Student Association,,,
selum,Asian Student Association,,,
davidk2,Asian Student Association,,,
anumanba,Asian Student Association,,,
psoong,Asian Student Association,,,
elucero,Asian Student Association,,,
triciac,Asian Student Association,,,
rowenaf,Asian Student Association,,,
angelaq,Asian Student Association,,,
echoi1,Asian Student Association,,,
munsungk,Asian Student Association,,,
ejjiang,Asian Student Association,,,
jglim,Asian Student Association,,,
jydeng,Asian Student Association,,,
slu2,Asian Student Association,,,
ehirao,Asian Student Association,,,
dyl2,Asian Student Association,,,
jshuang,Asian Student Association,,,
dlei,Asian Student Association,,,
susanw,Asian Student Association,,,
mcliu,Asian Student Association,,,
ewzhang,Asian Student Association,,,
victoril,Asian Student Association,,,
jsw1,Asian Student Association,,,
mkim4,Asian Student Association,,,
Yoonyouk,Asian Student Association,,,
ichow,Asian Student Association,,,
lawrench,Asian Student Association,,,
risaac,Asian Student Association,,,
joannele,Asian Student Association,,,
spark3,Asian Student Association,,,
judyz,Asian Student Association,,,
mjwang,Asian Student Association,,,
amdu,Asian Student Association,,,
carold,Asian Student Association,,,
vcl,Asian Student Association,,,
Ehirao,Asian Student Association,,,
jmwan,Asian Student Association,,,
sbao,Asian Student Association,,,
hlin1,Asian Student Association,,,
yoohak,Asian Student Association,,,
jyli1,Asian Student Association,,,
stephanw,Asian Student Association,,,
eazheng,Asian Student Association,,,
jesparc,Asian Student Association,,,
ry1,Asian Student Association,,,
bradleyz,Asian Student Association,,,
thchen,Asian Student Association,,,
shaneo,Asian Student Association,,,
cdgu,Asian Student Association,,,
esu,Asian Student Association,,,
hkang2,Asian Student Association,,,
lkesavan,Asian Student Association,,,
zhiqig,Chinese Students Association,,,TRUE
hwu3,Chinese Students Association,,,TRUE
dingkunw,Chinese Students Association,,,TRUE
yanhaomf,Chinese Students Association,,,TRUE
ximind,Chinese Students Association,,,
sjia,Chinese Students Association,,,
dingkunw,Chinese Students Association,,,
zeshengl,Chinese Students Association,,,
yuanlia1,Chinese Students Association,,,
jiangxul,Chinese Students Association,,,
lingfanj,Chinese Students Association,,,
kaiz1,Chinese Students Association,,,
zhuoyinl,Chinese Students Association,,,
ruiqizhu,Chinese Students Association,,,
hanyingx,Chinese Students Association,,,
geans,Chinese Students Association,,,
qijiay,Chinese Students Association,,,
yanhaomf,Chinese Students Association,,,
yiyunc,Chinese Students Association,,,
junyil1,Chinese Students Association,,,
shuyangg,Chinese Students Association,,,
ziyuez,Chinese Students Association,,,
xiaoyiz1,Chinese Students Association,,,
tianyanf,Chinese Students Association,,,
dniu,Chinese Students Association,,,
zhangyow,Chinese Students Association,,,
mingyan1,Chinese Students Association,,,
yifeiy3,Chinese Students Association,,,
gxz,Chinese Students Association,,,
zesenz,Chinese Students Association,,,
weiyiz1,Chinese Students Association,,,
acli,Chinese Students Association,,,
yidanh,Chinese Students Association,,,
yiwechang1,Chinese Students Association,,,
yjx,Chinese Students Association,,,
yufeiy3,Chinese Students Association,,,
shuyuand,Chinese Students Association,,,
yunhongf,Chinese Students Association,,,
yilel,Chinese Students Association,,,
ziyix,Chinese Students Association,,,
nzhu1,Chinese Students Association,,,
yutongz3,Chinese Students Association,,,
yiyaoy1,Chinese Students Association,,,
chongyat,Chinese Students Association,,,
mxiong,Chinese Students Association,,,
congyiw,Chinese Students Association,,,
siweiw,Chinese Students Association,,,
jinghuaq,Chinese Students Association,,,
tfan1,Chinese Students Association,,,
tianlanj,Chinese Students Association,,,
yezheng,Chinese Students Association,,,
yanshenc,Chinese Students Association,,,
zshuai,Chinese Students Association,,,
senyut,Chinese Students Association,,,
mingyuax,Chinese Students Association,,,
mychang,Chinese Students Association,,,
khelmy,Fringe,,,TRUE
vcollin1,Fringe,,,TRUE
jdparker,Fringe,,,
mlsimpso,Fringe,,,
sachis1,Fringe,,,
jsawkar,Fringe,,,
tgirdhar,Fringe,,,
mwwang,Fringe,,,
lortega,Fringe,,,
earmon,Fringe,,,
bim,Fringe,,,
sbyun,Fringe,,,
lbengtso,Fringe,,,
ncn,Fringe,,,
hweigle,Fringe,,,
svayamm,Fringe,,,
mmoskal,Fringe,,,
jzulinsk,Fringe,,,
afernez,Fringe,,,
Mar1,Fringe,,,
jlaine,Fringe,,,
sfz,Fringe,,,
vidhip,Fringe,,,
eharold,Fringe,,,
jiayis1,Fringe,,,
esespico,Fringe,,,
sakamath,Fringe,,,
nsrivas1,Fringe,,,
sschollm,Fringe,,,
jrothsch,Fringe,,,
helenc1,Fringe,,,
lnazzaro,Fringe,,,
hfurnari,Fringe,,,
klung,Fringe,,,
hyejunk,Fringe,,,
ayc1,Fringe,,,
asmui,Fringe,,,
cwende,Fringe,,,
aipagan,Fringe,,,
hmahon,Fringe,,,
ntoong,Fringe,,,
basun,Fringe,,,
arudich,Fringe,,,
ues,Fringe,,,
dlaredo,Fringe,,,
amauralle,Fringe,,,
mabai,Fringe,,,
shalper,Fringe,,,
aschulz,Fringe,,,
ntho,Fringe,,,
amandrac,Fringe,,,
eschinde,Fringe,,,
dmsingh,Fringe,,,
dskelly,Fringe,,,
sguglani,Fringe,,,
ehknott,Fringe,,,
abalamur,Fringe,,,
bradleyz,Fringe,,,
michells,Fringe,,,
dfarid,Fringe,,,
vkong,Fringe,,,
michell4,Fringe,,,
iks,Fringe,,,
siqingy,Fringe,,,
bweng,Fringe,,,
mschussl,Fringe,,,
rfn,Fringe,,,
terrianz,Fringe,,,
bwershin,Fringe,,,
nalinij,Fringe,,,
arabinov,Fringe,,,
ewang1,Fringe,,,
tweeden,Fringe,,,
hcaffrey,Fringe,,,
annelise,Fringe,,,
prjennin,Fringe,,,
eknag,Fringe,,,
ariedelm,Fringe,,,
aarushiw,Fringe,,,